Fecha;SO2(µg/m³);NO(µg/m³);NO2(µg/m³);PM10(µg/m³);Ni(ng/m³);NOx(µg/m³);Ozono(µg/m³);As(ng/m³);Pb(µg/m³);BaP(ng/m³);Cd(ng/m³)
01/01/2014;1;;;6;;;59;;;;
02/01/2014;2;;;7;0,9;;45;0,14;0;;0
03/01/2014;1;;;8;;;35;;;;
04/01/2014;1;;;8;0,69;;62;0,14;0;;0,01
05/01/2014;2;;;7;;;64;;;;
06/01/2014;;;;7;;;50;;;;
07/01/2014;;83;62;31;1,81;189;17;0,42;0,01;;0,29
08/01/2014;;72;53;35;;163;20;;;;
09/01/2014;;49;48;62;4,17;123;16;0,42;0,01;;0,22
10/01/2014;;21;43;63;;75;9;;;;
11/01/2014;;24;44;48;2,5;80;8;0,56;0,01;;0,2
12/01/2014;;;;39;;;15;;;;
13/01/2014;1;;;;;;23;;;;
14/01/2014;0;;;6;;;36;;;;
15/01/2014;1;;;10;0,83;;26;0,28;0;;0
16/01/2014;1;;;12;;;29;;;;
17/01/2014;1;;;18;1,95;;32;0,28;0;;0
18/01/2014;1;9;28;14;;39;23;;;0,22;
19/01/2014;1;1;7;5;0,97;8;43;0,28;0;;0
20/01/2014;1;;;6;0,97;;48;0,28;0;;0,04
21/01/2014;1;;;9;;;34;;;;
22/01/2014;2;;;20;1,67;;19;0,69;0,01;;0,28
23/01/2014;2;27;48;15;;89;21;;;;
24/01/2014;1;10;32;12;;48;39;;;;
25/01/2014;0;6;17;5;;27;40;;;;
26/01/2014;0;4;9;6;1,67;15;46;0,56;0;;0
27/01/2014;1;3;9;;;14;55;;;;
28/01/2014;1;4;11;9;;17;58;;;;
29/01/2014;0;4;19;9;3;25;53;0,05;0;;0,23
30/01/2014;1;15;40;8;;63;39;;;;
31/01/2014;1;25;39;13;7;77;30;0,23;0;;0,05
01/02/2014;0;7;15;8;;26;45;;;;
02/02/2014;1;5;23;6;;30;55;;;;
03/02/2014;1;22;59;12;1,4;93;38;0,68;0,01;;0,2
04/02/2014;1;7;36;16;;47;44;;;;
05/02/2014;0;10;27;18;1,4;41;50;0,53;0;;0,27
06/02/2014;1;23;38;23;;72;41;;;;
07/02/2014;0;4;15;9;1,4;21;60;0,58;0;;0,05
08/02/2014;0;3;3;12;;7;69;;;;
09/02/2014;1;6;18;11;1,4;27;56;0,71;0;;0,05
10/02/2014;1;4;15;;;22;61;;;;
11/02/2014;0;9;38;9;;51;50;;;;
12/02/2014;1;23;56;10;1,4;91;37;0,2;0,01;;0,56
13/02/2014;0;5;11;7;;18;42;;;;
14/02/2014;0;6;15;8;1,4;24;38;0,64;0;;0,05
15/02/2014;0;14;27;17;;48;37;;;;
16/02/2014;1;7;35;11;1,4;45;30;0,38;0;;0,05
17/02/2014;1;46;53;15;1,4;123;26;0,26;0;;0,05
18/02/2014;1;60;56;33;;148;19;;;;
19/02/2014;2;51;60;31;5;137;23;1,34;0,01;;0,26
20/02/2014;1;40;68;16;;129;31;;;0,19;
21/02/2014;1;11;34;12;;50;37;;;;
22/02/2014;1;17;57;15;1,4;83;42;0,37;0,01;;0,05
23/02/2014;2;27;80;19;;122;39;;;;
24/02/2014;2;38;84;;;142;38;;;;
25/02/2014;1;27;51;16;;92;39;;;;
26/02/2014;1;19;56;18;;86;44;;;;
27/02/2014;1;22;65;14;1,4;98;28;0,3;0,01;;0,05
28/02/2014;1;7;27;16;;37;49;;;;
01/03/2014;1;6;22;10;1,4;31;45;0,31;0;;0,05
02/03/2014;0;11;21;9;;37;35;;;;
03/03/2014;0;4;10;10;1,4;16;67;0,56;0;;0,05
04/03/2014;1;5;19;8;;26;59;;;;
05/03/2014;3;23;38;14;;73;40;;;;
06/03/2014;3;;;23;4;;35;0,34;0,01;;0,19
07/03/2014;3;;;29;;;45;;;;
08/03/2014;2;;;26;;;53;;;;
09/03/2014;2;;;31;1,4;;61;0,45;0,01;;0,05
10/03/2014;3;32;68;;;116;38;;;;
11/03/2014;3;22;60;27;;94;47;;;;
12/03/2014;2;24;49;32;1,4;86;53;0,85;0,01;;0,29
13/03/2014;4;35;51;21;;105;53;;;;
14/03/2014;4;53;67;34;;148;33;;;;
15/03/2014;3;35;68;50;;122;45;;;;
16/03/2014;3;21;56;37;3;89;46;1,11;0,02;;0,23
17/03/2014;3;33;64;40;5;114;39;0,68;0,02;;0,24
18/03/2014;4;45;60;49;5;129;47;2,09;0,05;;0,18
19/03/2014;3;11;46;41;;62;50;;;0,1;
20/03/2014;3;27;52;39;4;93;43;1,22;0,01;;0,23
21/03/2014;3;25;57;46;;95;39;;;;
22/03/2014;2;6;29;26;1,4;37;41;0,51;0;;0,05
23/03/2014;2;11;33;10;;50;63;;;;
24/03/2014;3;12;36;;;54;51;;;;
25/03/2014;2;7;21;12;;32;72;;;;
26/03/2014;2;6;26;7;;36;67;;;;
27/03/2014;2;9;36;16;1,4;49;67;0,26;0,01;;0,25
28/03/2014;3;15;44;21;;67;58;;;;
29/03/2014;2;5;18;35;1,4;26;85;0,32;0;;0,05
30/03/2014;2;5;26;34;;33;60;;;;
31/03/2014;2;;;21;5;;43;1,07;0,01;;0,32
01/04/2014;2;;;35;;;53;;;;
02/04/2014;2;;;48;;;43;;;;
03/04/2014;3;;;9;1,4;;54;0,82;0;;0,21
04/04/2014;3;;;;;;72;;;;
05/04/2014;2;;;;;;57;;;;
06/04/2014;3;;;;;;50;;;;
07/04/2014;0;19;28;;;57;52;;;;
08/04/2014;0;7;25;29;8;36;58;0,22;0;;0,05
09/04/2014;1;18;33;23;;61;58;;;;
10/04/2014;0;21;40;34;7;72;48;0,58;0,01;;0,42
11/04/2014;1;8;37;35;7;50;53;0,57;0,01;;0,19
12/04/2014;1;6;32;29;5;41;61;0,53;0;;0,05
13/04/2014;0;3;24;21;;28;72;;;;
14/04/2014;1;19;42;29;7;70;51;1,06;0,01;;0,26
15/04/2014;3;18;51;32;;79;50;;;0,04;
16/04/2014;4;7;28;23;6;38;82;0,57;0;;0,05
17/04/2014;6;4;33;25;;39;72;;;;
18/04/2014;3;5;34;31;;41;56;;;;
19/04/2014;4;3;21;29;4;26;72;0,42;0;;0,05
20/04/2014;1;1;8;17;;10;77;;;;
21/04/2014;3;3;10;11;4;14;62;0,17;0;;0,05
22/04/2014;1;8;28;;;40;51;;;;
23/04/2014;5;17;37;23;;63;48;;;0,11;
24/04/2014;2;12;33;22;6;50;53;0,43;0,01;;0,05
25/04/2014;0;4;21;12;;26;76;;;;
26/04/2014;1;2;11;11;4;14;62;0,25;0;;0,05
27/04/2014;3;2;19;18;;22;67;;;;
28/04/2014;4;8;31;20;;44;54;;;;
29/04/2014;6;15;39;21;11;62;43;0,35;0;;0,31
30/04/2014;7;14;44;22;;66;45;;;;
01/05/2014;7;4;22;12;;28;64;;;0,07;
02/05/2014;4;12;31;23;14;49;52;0,36;0;;0,05
03/05/2014;2;4;26;17;8;33;66;0,24;0;;0,05
04/05/2014;3;3;24;17;;28;67;;;;
05/05/2014;4;6;26;;;35;66;;;;
06/05/2014;2;7;26;23;;36;67;;;;
07/05/2014;2;9;32;25;;46;60;;;;
08/05/2014;1;4;24;20;8;31;74;0,29;0,01;;0,05
09/05/2014;3;17;50;28;;76;41;;;0,1;
10/05/2014;5;7;37;26;6;48;59;0,51;0,01;;0,05
11/05/2014;5;3;21;19;8;25;73;0,43;0;;0,05
12/05/2014;2;6;18;20;;28;65;;;;
13/05/2014;0;4;19;19;;25;68;;;;
14/05/2014;3;5;15;19;3;22;61;0,22;0;;0,05
15/05/2014;3;8;21;19;;33;61;;;;
16/05/2014;5;4;22;20;;27;83;;;;
17/05/2014;3;3;24;16;;29;85;;;0,12;
18/05/2014;1;2;17;16;8;20;89;0,27;0;;0,05
19/05/2014;4;7;41;;;51;67;;;;
20/05/2014;1;5;21;12;;29;79;;;;
21/05/2014;1;2;20;12;;24;83;;;;
22/05/2014;1;1;17;20;4;19;71;0,28;0;;0,05
23/05/2014;2;3;21;12;;26;66;;;;
24/05/2014;2;4;22;17;3;27;66;0,89;0;;0,05
25/05/2014;3;3;15;15;;19;77;;;0,04;
26/05/2014;3;5;21;17;;28;64;;;0,04;
27/05/2014;2;7;31;17;6;42;55;0,32;0;;0,05
28/05/2014;;;;20;;;;;;;
29/05/2014;1;8;29;16;1,4;42;56;0,24;0,01;;0,05
30/05/2014;;5;33;15;;41;54;;;;
31/05/2014;;4;25;31;6;31;52;0,34;0;;0,05
01/06/2014;;3;16;28;;20;72;;;;
02/06/2014;5;5;31;;;39;66;;;;
03/06/2014;4;7;35;;;46;69;;;;
04/06/2014;3;13;40;;;60;69;;;;
05/06/2014;4;5;19;;;26;68;;;;
06/06/2014;3;4;23;;;30;59;;;;
07/06/2014;3;3;21;;;26;69;;;;
08/06/2014;1;3;15;;;18;80;;;;
09/06/2014;5;4;24;;;31;62;;;;
10/06/2014;5;6;30;;;39;56;;;;
11/06/2014;6;13;54;;;73;44;;;;
12/06/2014;2;10;51;;;66;53;;;;
13/06/2014;4;12;56;;;75;55;;;;
14/06/2014;3;7;33;;;43;67;;;;
15/06/2014;5;3;14;;;18;90;;;;
16/06/2014;4;5;23;;;30;73;;;;
17/06/2014;4;4;26;19;;32;70;;;;
18/06/2014;2;4;20;19;;26;75;;;;
19/06/2014;;4;27;16;;33;73;;;0,04;
20/06/2014;2;7;35;20;9;46;64;0,3;0;;0,05
21/06/2014;1;4;27;20;7;32;67;0,26;0;;0,05
22/06/2014;3;3;18;25;;23;57;;;;
23/06/2014;2;7;25;29;;36;44;;;;
24/06/2014;1;4;31;13;1,4;36;53;0,81;0;;0,05
25/06/2014;2;4;37;16;;44;45;;;;
26/06/2014;2;15;38;25;5;60;57;1,07;0,01;;0,16
27/06/2014;2;9;36;28;;48;67;;;0,04;
28/06/2014;4;4;23;25;8;29;67;0,4;0;;0,05
29/06/2014;2;3;18;20;;23;54;;;;
30/06/2014;2;7;22;;;32;44;;;;
01/07/2014;2;5;23;30;;31;56;;;;
02/07/2014;1;5;19;29;;26;59;;;;
03/07/2014;1;5;19;26;4;26;50;0,29;0;;0,05
04/07/2014;3;4;28;16;3;34;53;0,42;0,02;;0,05
05/07/2014;;4;31;26;;37;63;;;0,04;
06/07/2014;2;3;20;25;;25;60;;;;
07/07/2014;3;5;21;8;6;29;57;0,25;0;;0,05
08/07/2014;2;5;21;18;;29;48;;;;
09/07/2014;7;6;25;19;8;35;54;0,23;0;;0,18
10/07/2014;7;6;26;19;;35;60;;;;
11/07/2014;2;8;32;23;;44;51;;;;
12/07/2014;1;4;22;20;4;28;48;0,36;0;;0,05
13/07/2014;3;3;17;20;;22;49;;;0,04;
14/07/2014;2;9;27;;;40;40;;;;
15/07/2014;2;9;29;22;;44;37;;;;
16/07/2014;1;8;23;19;;35;50;;;;
17/07/2014;1;10;30;19;7;45;45;0,38;0;;0,05
18/07/2014;2;6;24;23;;33;47;;;;
19/07/2014;1;3;24;33;9;29;47;0,54;0;;0,16
20/07/2014;4;2;11;12;;14;70;;;;
21/07/2014;3;7;30;;;40;51;;;;
22/07/2014;2;7;28;;;39;52;;;;
23/07/2014;4;7;27;;;38;46;;;;
24/07/2014;3;6;24;;;33;51;;;;
25/07/2014;3;;;;;;60;;;;
28/07/2014;2;7;26;;;36;55;;;;
29/07/2014;4;9;27;23;;41;51;;;;
30/07/2014;2;10;29;9;;44;48;;;0,04;
31/07/2014;3;8;29;24;21;41;55;1,21;0;;0,05
01/08/2014;5;4;29;29;8;34;55;0,42;0;;0,05
02/08/2014;5;2;22;33;;25;66;;;;
03/08/2014;4;1;17;27;8;19;60;0,5;0;;0,05
04/08/2014;2;4;19;29;6;25;50;0,35;0;;0,05
05/08/2014;4;6;18;26;;27;46;;;;
06/08/2014;4;7;16;27;8;26;41;0,3;0;;0,05
07/08/2014;2;6;16;25;;25;43;;;0,04;
08/08/2014;2;3;20;24;;24;57;;;;
09/08/2014;3;4;18;23;6;24;57;0,33;0;;0,05
10/08/2014;2;1;14;27;;16;56;;;;
11/08/2014;2;2;18;;;21;42;;;;
12/08/2014;2;2;12;26;6;16;53;0,22;0;;0,05
13/08/2014;6;3;18;26;;24;51;;;0,04;
14/08/2014;1;5;20;;;27;60;;;;
15/08/2014;2;1;11;;;13;56;;;;
16/08/2014;7;2;16;;;19;67;;;;
17/08/2014;2;3;9;;;14;67;;;;
18/08/2014;4;2;17;;;20;58;;;;
19/08/2014;2;5;20;19;7;27;57;0,18;0;;0,05
20/08/2014;2;5;17;22;;24;60;;;;
21/08/2014;2;2;16;22;5;18;59;0,24;0;;0,05
22/08/2014;2;4;15;28;;20;57;;;;
23/08/2014;2;2;11;17;;13;64;;;0,04;
24/08/2014;1;1;14;20;4;15;61;0,14;0;;0,05
25/08/2014;1;4;20;24;4;27;47;0,23;0;;0,05
26/08/2014;2;;;34;;;52;;;;
27/08/2014;;;;31;;;53;;;;
28/08/2014;;4;19;28;6;25;46;0,25;0;;0,05
29/08/2014;2;2;15;27;7;19;52;0,27;0;;0,05
30/08/2014;1;2;13;18;;15;56;;;;
31/08/2014;2;1;15;16;;17;50;;;0,04;
01/09/2014;2;12;27;;;45;40;;;;
02/09/2014;4;9;29;22;;43;39;;;;
03/09/2014;4;4;20;24;5;27;46;0,53;0;;0,05
04/09/2014;3;11;21;24;6;38;52;0,86;0,01;;0,26
05/09/2014;3;5;26;27;;34;49;;;;
06/09/2014;4;3;21;30;10;25;44;0,47;0;;0,05
07/09/2014;1;1;12;24;;14;49;;;;
08/09/2014;3;9;26;21;6;40;37;0,67;0,01;;0,05
09/09/2014;3;8;20;21;;32;41;;;0,04;
10/09/2014;2;10;25;30;;40;42;;;;
11/09/2014;2;;;22;3;;47;1,06;0,01;;0,26
12/09/2014;;2;21;;;25;55;;;;
13/09/2014;4;2;22;;;24;60;;;;
14/09/2014;2;2;16;;;19;52;;;;
15/09/2014;3;7;25;;;36;41;;;;
16/09/2014;2;5;23;23;5;30;53;0,43;0;;0,05
17/09/2014;6;7;22;25;;32;43;;;0,35;
18/09/2014;3;5;22;17;3;28;42;0,36;0;;0,05
19/09/2014;5;4;24;18;;30;53;;;;
20/09/2014;7;4;26;23;9;31;47;0,83;0,01;;0,05
21/09/2014;4;3;15;23;;18;48;;;;
22/09/2014;;;;20;1,4;;;0,63;0;;0,05
23/09/2014;3;;;19;;;42;;;;
24/09/2014;3;11;32;18;1,4;48;35;0,53;0;;0,24
25/09/2014;4;7;29;28;;39;45;;;0,04;
26/09/2014;3;16;43;40;1,4;67;23;0,64;0,01;;0,36
27/09/2014;3;6;26;25;;35;52;;;;
28/09/2014;3;3;16;18;1,4;20;64;0,39;0;;0,05
29/09/2014;3;12;34;;;51;30;;;;
30/09/2014;4;10;26;;;41;40;;;;
01/10/2014;8;15;34;19;;56;34;;;;
02/10/2014;3;14;37;20;3;57;32;0,57;0;;0,05
03/10/2014;3;12;36;21;;55;37;;;;
04/10/2014;3;7;27;21;9;38;47;0,67;0,01;;0,17
05/10/2014;3;3;19;20;;23;55;;;;
06/10/2014;5;7;31;28;7;41;43;0,82;0;;0,05
07/10/2014;9;7;28;20;;37;37;;;;
08/10/2014;6;19;38;24;;67;31;;;;
09/10/2014;7;6;26;23;9;34;38;0,42;0;;0,05
10/10/2014;5;26;26;22;;66;29;;;;
11/10/2014;5;5;18;14;;26;37;;;;
12/10/2014;6;3;12;9;12;15;52;0,16;0;;0,05
13/10/2014;7;3;18;;;21;50;;;;
14/10/2014;4;6;29;13;11;37;39;0,28;0,01;;0,43
15/10/2014;4;4;21;11;;27;42;;;;
16/10/2014;4;3;14;12;20;17;37;0,51;0,01;;0,18
17/10/2014;;10;28;21;;43;29;;;;
18/10/2014;;17;35;31;15;61;27;1,46;0,01;;0,05
19/10/2014;;9;32;35;;46;26;;;;
20/10/2014;6;33;47;68;;98;26;;;;
21/10/2014;;;;72;5;;19;1,06;0,01;;0,4
22/10/2014;;4;21;34;;25;33;;;;
23/10/2014;5;27;50;33;5;90;26;1,2;0,01;;0,4
24/10/2014;7;35;51;42;13;105;24;0,68;0,01;;0,89
25/10/2014;5;17;46;38;;71;32;;;;
26/10/2014;9;8;27;42;33;40;42;0,68;0,01;;0,19
27/10/2014;;10;37;;;51;34;;;;
28/10/2014;;17;41;33;;66;28;;;0,04;
29/10/2014;;19;41;36;7;70;28;0,64;0,01;;0,31
30/10/2014;;19;43;37;;72;20;;;;
31/10/2014;;21;44;30;;76;22;;;;
01/11/2014;;11;37;28;7;54;29;0,58;0,01;;0,05
02/11/2014;;6;30;23;;39;35;;;;
03/11/2014;;11;26;24;4;42;32;0,38;0,01;;0,14
04/11/2014;;4;19;7;;24;49;;;;
05/11/2014;;9;29;9;;43;38;;;;
06/11/2014;;10;37;10;3;50;33;0,95;0,01;;0,15
07/11/2014;;3;18;10;;21;35;;;;
08/11/2014;;7;21;9;4;32;38;0,27;0;;0,05
09/11/2014;;5;19;6;;26;46;;;0,09;
10/11/2014;;12;33;;;51;26;;;;
11/11/2014;3;35;42;19;1,4;95;13;0,67;0,01;;0,26
12/11/2014;3;4;19;8;;25;39;;;;
13/11/2014;3;9;21;11;;35;35;;;0,1;
14/11/2014;3;20;29;13;7;59;27;0,96;0,01;;0,51
15/11/2014;3;2;8;7;1,4;11;63;0,05;0;;0,05
16/11/2014;3;3;8;7;;11;59;;;;
17/11/2014;3;8;23;13;13;35;40;0,47;0;;0,05
18/11/2014;3;22;36;13;;69;25;;;;
19/11/2014;3;51;45;33;;123;16;;;;
20/11/2014;3;20;37;30;4;67;26;0,51;0,01;;0,24
21/11/2014;3;34;50;38;4;102;18;0,68;0,02;;0,3
22/11/2014;3;18;37;44;;64;16;;;0,16;
23/11/2014;3;11;27;43;6;44;17;1,02;0,01;;0,22
24/11/2014;3;25;33;;;72;15;;;;
25/11/2014;3;33;35;60;;86;14;;;;
26/11/2014;3;25;33;11;1,4;70;26;0,85;0,01;;0,49
27/11/2014;3;29;40;27;;85;15;;;;
28/11/2014;3;41;36;25;;98;26;;;;
29/11/2014;3;8;24;17;3;35;44;0,19;0;;0,05
30/11/2014;3;6;21;47;;30;33;;;;
01/12/2014;3;20;22;23;;53;28;;;;
02/12/2014;3;19;28;;;58;24;;;;
03/12/2014;3;19;36;;;65;15;;;;
04/12/2014;3;55;39;;;123;9;;;;
05/12/2014;3;20;32;;;62;19;;;;
06/12/2014;3;4;17;;;22;45;;;;
07/12/2014;3;4;15;;;20;61;;;;
08/12/2014;3;13;23;;;43;38;;;;
09/12/2014;3;4;18;;;24;55;;;;
10/12/2014;3;57;53;34;13;141;23;0,58;0,01;;0,22
11/12/2014;4;57;46;24;5;134;20;0,82;0,01;;0,31
12/12/2014;3;48;38;24;;111;20;;;;
13/12/2014;3;20;36;34;11;67;33;0,5;0,01;;0,05
14/12/2014;3;8;27;30;;40;28;;;;
15/12/2014;;;;15;1,4;;;0,34;0;;0,05
16/12/2014;3;14;34;12;;56;22;;;;
17/12/2014;3;23;38;12;;73;25;;;;
18/12/2014;3;40;39;20;3;100;16;0,46;0,01;;0,29
19/12/2014;3;66;41;34;5;141;9;1,02;0,01;;0,29
20/12/2014;3;31;29;35;;76;13;;;;
21/12/2014;3;40;34;26;;96;16;;;;
22/12/2014;3;58;43;40;3;133;15;0,6;0,01;;0,2
23/12/2014;3;62;50;;;144;14;;;;
24/12/2014;3;50;43;;;119;12;;;;
25/12/2014;3;16;29;;;54;18;;;;
26/12/2014;3;55;48;;;132;12;;;;
27/12/2014;3;10;18;;;33;27;;;;
28/12/2014;3;3;7;;;11;55;;;;
29/12/2014;3;19;32;;;60;36;;;;
30/12/2014;3;54;47;28;;130;23;;;;
31/12/2014;4;65;43;30;;142;16;;;;
01/01/2015;3;14;27;27;4;47;28;0,31;0;;0,05
02/01/2015;4;64;51;36;;149;14;;;0,66;
03/01/2015;3;67;48;33;3;150;17;0,5;0;;0,18
04/01/2015;3;23;33;25;3;68;24;0,38;0;;0,05
05/01/2015;3;42;42;38;;105;19;;;;
06/01/2015;3;18;34;35;;62;19;;;;
07/01/2015;3;34;42;36;4;94;14;0,45;0,01;;0,24
08/01/2015;3;56;44;47;;129;14;;;;
09/01/2015;4;90;57;48;;194;13;;;;
10/01/2015;3;73;50;35;;162;17;;;0,53;
11/01/2015;3;47;41;27;4;113;24;0,42;0;;0,15
12/01/2015;3;32;41;;;90;18;;;;
13/01/2015;4;48;42;42;;117;17;;;;
14/01/2015;3;26;36;31;;75;22;;;;
15/01/2015;3;49;40;39;3,89;115;22;1,67;0,01;;0,65
16/01/2015;3;10;24;19;;40;40;;;;
17/01/2015;3;10;30;19;3,48;45;38;0,14;0;;0,06
18/01/2015;3;11;25;16;;42;36;;;0,16;
19/01/2015;3;22;37;14;;70;15;;;0,34;
20/01/2015;3;38;39;20;1,25;97;21;0,56;0,01;;0,39
21/01/2015;3;12;25;12;;43;27;;;;
22/01/2015;3;14;32;11;1,39;53;32;0,14;0;;0,07
23/01/2015;3;16;28;12;;53;40;;;;
24/01/2015;3;17;23;13;1,95;49;41;0,56;0;;0,04
25/01/2015;3;14;28;16;;50;54;;;;
26/01/2015;3;52;54;;;133;24;;;;
27/01/2015;3;30;29;24;;75;37;;;0,28;
28/01/2015;3;35;40;22;;94;28;;;;
29/01/2015;3;11;20;19;1,11;37;37;1,11;0,01;;0,38
30/01/2015;3;2;6;;;9;51;;;;
31/01/2015;3;5;11;6;;17;60;;;;
01/02/2015;3;11;9;5;;25;64;;;;
02/02/2015;3;8;15;10;;28;45;;;;
03/02/2015;3;7;13;10;;24;58;;;;
04/02/2015;3;15;24;12;;47;54;;;0,11;
05/02/2015;3;7;21;14;0,97;31;55;0,14;0;;0,03
06/02/2015;3;10;30;14;;45;46;;;;
07/02/2015;3;23;38;25;1,11;73;19;0,28;0;;0,1
08/02/2015;3;13;15;18;;34;38;;;;
09/02/2015;3;17;28;;;53;35;;;;
10/02/2015;3;51;42;;;120;40;;;;
11/02/2015;3;5;22;;;29;37;;;;
12/02/2015;3;25;47;26;;85;23;;;0,26;
13/02/2015;3;26;34;;;74;26;;;;
14/02/2015;3;11;15;10;2,15;32;50;0,28;0;;0,01
15/02/2015;3;9;17;;;31;47;;;;
16/02/2015;3;19;36;;;65;34;;;;
17/02/2015;3;10;34;14;2,29;48;39;0,28;0;;0,03
18/02/2015;3;24;35;;;71;42;;;;
19/02/2015;3;22;45;32;2,01;79;35;0,42;0,01;;0,38
20/02/2015;3;13;38;29;;58;44;;;0,16;
21/02/2015;3;9;14;14;1,53;27;53;0,14;0;;0,03
22/02/2015;3;12;17;;;35;67;;;;
23/02/2015;3;6;17;;;26;39;;;;
24/02/2015;3;8;14;11;;26;60;;;;
25/02/2015;3;5;21;10;;29;55;;;;
26/02/2015;4;10;19;10;0;34;51;0;0;;0
27/02/2015;3;13;16;21;;35;61;;;;
28/02/2015;3;8;34;22;;46;49;;;0,13;
01/03/2015;3;4;16;13;;22;42;;;;
02/03/2015;4;9;17;19;8,48;31;35;0,56;0;;0,17
03/03/2015;3;15;35;26;;57;33;;;;
04/03/2015;3;8;27;28;4,73;39;47;0,42;0;;0,19
05/03/2015;3;21;35;18;;66;54;;;;
06/03/2015;3;25;46;25;;84;36;;;;
07/03/2015;4;14;36;33;4,17;58;43;0;0,01;;0
08/03/2015;3;11;34;33;;51;47;;;0,11;
09/03/2015;3;18;47;;;74;36;;;;
10/03/2015;3;32;54;45;6,68;102;35;0,7;0,01;;0,21
11/03/2015;3;36;61;59;;116;24;;;;
12/03/2015;4;24;43;48;6,68;80;48;1,25;0,01;;0,36
13/03/2015;3;7;29;43;;39;64;;;;
14/03/2015;3;12;27;27;2,78;45;46;0,28;0;;0,1
15/03/2015;3;10;16;16;;30;62;;;;
16/03/2015;3;18;29;19;;57;46;;;;
17/03/2015;3;20;27;24;;57;50;;;0,09;
18/03/2015;3;8;26;25;1,25;38;60;0,28;0,04;;0,06
19/03/2015;3;3;12;38;1,67;16;80;0,42;0,02;;0,13
20/03/2015;3;3;10;28;;15;77;;;;
21/03/2015;3;5;14;23;1,94;20;61;0,28;0;;0,03
22/03/2015;;;;9;;;;;;;
23/03/2015;3;10;32;;;47;48;;;;
24/03/2015;3;6;21;33;;29;57;;;;
25/03/2015;3;7;15;9;;26;63;;;0,04;
26/03/2015;3;17;31;17;2,5;56;53;0,28;0;;0,07
27/03/2015;3;7;19;12;1,67;29;43;0,14;0;;0,12
28/03/2015;4;11;25;21;;42;38;;;;
29/03/2015;4;6;26;22;3,33;35;35;0,28;0;;0,06
30/03/2015;4;15;34;23;3,34;56;31;0,42;0;;0,09
31/03/2015;5;24;48;33;;85;30;;;;
01/04/2015;5;25;37;35;4,72;75;36;0,69;0,01;;0,16
02/04/2015;4;19;34;35;;63;37;;;0,1;
03/04/2015;3;8;21;34;;32;48;;;;
04/04/2015;3;3;12;22;5;15;58;0,28;0;;0,02
05/04/2015;3;5;15;;;22;50;;;;
06/04/2015;3;3;11;;;15;72;;;;
07/04/2015;3;6;18;;;26;71;;;;
08/04/2015;3;7;21;17;;31;77;;;;
09/04/2015;3;5;21;17;;28;74;;;;
10/04/2015;3;6;29;21;;37;59;;;0,04;
11/04/2015;3;6;27;28;2,15;35;50;0,42;0,01;;0,24
12/04/2015;3;3;11;27;;14;74;;;;
13/04/2015;3;5;20;22;;26;67;;;;
14/04/2015;4;20;38;27;4,17;68;42;0,42;0,01;;0,28
15/04/2015;3;20;39;37;;69;37;;;;
16/04/2015;3;12;24;27;3,55;41;45;1,81;0,01;;0,24
17/04/2015;5;8;26;24;;37;51;;;;
18/04/2015;3;6;26;29;;34;54;;;0,04;
19/04/2015;3;3;12;16;2,57;14;71;0,14;0;;0,01
20/04/2015;5;9;27;;;41;53;;;;
21/04/2015;4;11;25;20;;42;53;;;;
22/04/2015;4;12;28;24;;46;50;;;;
23/04/2015;;;;35;12,57;;;0,42;0,01;;0,63
24/04/2015;;;;40;8,11;;;0,42;0,01;;0,14
25/04/2015;3;6;19;33;;27;45;;;;
26/04/2015;3;2;7;18;;9;58;;;0,04;
27/04/2015;4;3;7;11;;12;71;;;0,04;
28/04/2015;3;5;16;20;;24;55;;;;
29/04/2015;3;5;18;27;6,31;25;52;0,28;0;;0,17
30/04/2015;3;7;20;30;7,14;30;52;1,11;0;;0,08
01/05/2015;3;3;14;26;;18;46;;;;
02/05/2015;6;6;17;30;6,86;25;51;0,28;0;;0,13
03/05/2015;3;4;19;36;;24;51;;;;
04/05/2015;4;3;16;;;20;74;;;;
05/05/2015;3;3;12;27;;16;52;;;0,04;
06/05/2015;4;5;25;28;;32;56;;;;
07/05/2015;3;22;46;29;11,46;79;56;1,25;0;;0,1
08/05/2015;4;15;53;36;;75;48;;;;
09/05/2015;4;9;52;34;2,43;66;54;0,42;0;;0,06
10/05/2015;4;8;42;23;;55;55;;;;
11/05/2015;3;12;62;22;;81;48;;;;
12/05/2015;3;18;67;27;13,82;94;52;0,97;0;;0,1
13/05/2015;3;31;91;39;;138;39;;;0,11;
14/05/2015;4;55;67;81;5,35;151;50;2,64;0,01;;0,26
15/05/2015;4;8;28;35;;40;73;;;;
16/05/2015;3;7;37;21;9,81;48;70;0,28;0;;0,08
17/05/2015;4;6;36;21;;45;56;;;;
18/05/2015;3;18;48;;;75;50;;;;
19/05/2015;3;7;38;23;;49;53;;;;
20/05/2015;3;8;41;16;0,97;53;60;0,14;0;;0,04
21/05/2015;3;7;42;16;;52;65;;;0,04;
22/05/2015;4;7;45;17;2,64;56;61;0,14;0;;0,04
23/05/2015;3;5;39;23;;46;67;;;;
24/05/2015;3;7;45;22;4,03;56;63;0,28;0;;0,06
25/05/2015;;;;23;2,33;;;0,28;0;;0,06
26/05/2015;3;11;33;21;;49;51;;;;
27/05/2015;3;8;34;23;;47;57;;;;
28/05/2015;3;7;30;28;8,06;41;66;0,28;0;;0,08
29/05/2015;3;8;36;28;;49;63;;;0,04;
30/05/2015;4;5;26;21;5,42;34;66;0,28;0;;0,04
31/05/2015;3;4;23;20;;29;64;;;;
01/06/2015;4;6;26;;;35;66;;;;
02/06/2015;4;8;29;23;;40;65;;;;
03/06/2015;4;16;44;25;;69;55;;;;
04/06/2015;4;14;49;;;70;48;;;;
05/06/2015;4;12;47;26;;65;50;;;;
06/06/2015;4;8;44;28;;55;47;;;0,28;
07/06/2015;4;4;33;;;40;54;;;;
08/06/2015;4;10;45;29;;60;63;;;;
09/06/2015;4;14;44;;;64;67;;;;
10/06/2015;3;5;27;24;;35;77;;;;
11/06/2015;3;6;33;;;42;59;;;;
12/06/2015;3;6;29;29;;37;63;;;;
13/06/2015;4;3;25;;;30;58;;;;
14/06/2015;3;3;16;19;;20;67;;;0,04;
15/06/2015;3;8;34;28;;45;56;;;0,04;
16/06/2015;3;9;38;21;2,22;51;55;0,28;0;;0,14
17/06/2015;4;14;39;;;59;49;;;;
18/06/2015;4;13;38;26;4,31;58;55;0,42;0;;0,08
19/06/2015;3;10;40;30;4,03;56;61;0,28;0;;0,11
20/06/2015;3;6;28;;;37;56;;;;
21/06/2015;3;4;23;25;5,28;30;62;0,28;0;;0,1
22/06/2015;4;10;38;29;8,06;53;55;0,28;0;;0,29
23/06/2015;4;7;38;28;;48;68;;;0,04;
24/06/2015;4;6;28;21;5,97;37;67;0,14;0;;0,04
25/06/2015;3;12;35;;;52;61;;;;
26/06/2015;3;11;42;;;59;61;;;;
27/06/2015;4;9;43;37;11,11;57;58;1,11;0;;0,1
28/06/2015;3;4;28;;;34;66;;;;
29/06/2015;3;6;29;;;37;71;;;;
30/06/2015;3;13;43;31;;63;60;;;;
01/07/2015;3;9;34;34;;47;53;;;0,04;
02/07/2015;3;6;31;45;10,4;40;61;0,42;0;;0,15
03/07/2015;3;5;25;40;;33;68;;;;
04/07/2015;4;5;28;34;6,87;35;73;0,42;0;;0,04
05/07/2015;4;3;26;34;;31;72;;;;
06/07/2015;4;17;51;45;;77;51;;;;
07/07/2015;3;17;50;62;;76;51;;;;
08/07/2015;3;6;34;43;;43;58;;;;
09/07/2015;3;5;22;46;;29;56;;;0,04;
10/07/2015;3;8;28;51;10,62;41;54;0,28;0;;0,01
11/07/2015;3;3;19;33;5,9;23;56;0,28;0;;0,04
12/07/2015;3;3;21;30;;26;58;;;;
13/07/2015;3;12;32;;;50;44;;;;
14/07/2015;3;10;25;;;40;49;;;;
15/07/2015;3;8;29;;;42;57;;;;
16/07/2015;3;6;33;;;41;64;;;;
17/07/2015;3;10;38;;;53;52;;;;
18/07/2015;3;4;24;;;29;53;;;;
19/07/2015;4;4;23;;;29;45;;;;
20/07/2015;3;11;27;;;44;42;;;;
21/07/2015;3;9;25;;;39;44;;;;
22/07/2015;4;6;32;;;40;55;;;;
23/07/2015;3;8;33;;;45;43;;;;
24/07/2015;3;6;35;;;44;50;;;;
25/07/2015;3;4;17;;;22;57;;;;
26/07/2015;3;3;16;;;21;45;;;;
27/07/2015;3;12;29;;;47;39;;;;
28/07/2015;3;6;20;;;28;;;;;
29/07/2015;3;8;23;35;;35;;;;;
30/07/2015;3;6;24;28;2,64;34;;0,28;0;;0,05
31/07/2015;4;6;25;31;;33;44;;;;
01/08/2015;4;4;20;23;7,36;26;74;0,28;0;;0,05
02/08/2015;3;3;19;23;;24;71;;;;
03/08/2015;3;7;26;29;;36;59;;;;
04/08/2015;3;9;31;32;;44;54;;;0,04;
05/08/2015;3;6;26;33;11,11;35;56;0,28;0;;0,05
06/08/2015;3;9;28;30;7,22;41;46;0,28;0;;0,08
07/08/2015;3;5;29;;;36;42;;;;
08/08/2015;3;4;26;;;32;41;;;;
09/08/2015;3;4;17;32;;23;47;;;;
10/08/2015;4;7;26;;;36;58;;;;
11/08/2015;4;5;26;32;;34;48;;;;
12/08/2015;3;5;22;17;2,64;30;47;0,14;0;;0,01
13/08/2015;3;5;26;22;1,94;34;54;0,28;0;;0,01
14/08/2015;5;9;30;18;1,81;43;52;0,14;0;;0,03
15/08/2015;4;3;17;20;;22;54;;;;
16/08/2015;3;4;19;18;;25;50;;;;
17/08/2015;4;6;27;24;1,94;37;49;0,14;0;;0,02
18/08/2015;4;4;20;23;;25;57;;;;
19/08/2015;4;4;19;;;26;60;;;;
20/08/2015;3;5;23;;;30;57;21;;0,04;
21/08/2015;3;7;25;24;;35;58;;;;
22/08/2015;3;4;21;18;3,75;27;57;0,14;0;;0,03
23/08/2015;3;3;16;17;;21;41;;;;
24/08/2015;4;3;18;;;24;52;;;;
25/08/2015;3;5;25;21;;32;54;;;;
26/08/2015;3;4;22;24;;28;55;;;;
27/08/2015;3;7;23;;;33;49;;;;
28/08/2015;3;8;28;;;41;46;;;;
29/08/2015;3;5;21;;;28;47;;;;
30/08/2015;3;4;20;;;26;47;;;;
31/08/2015;3;6;27;;;37;33;;;;
01/09/2015;3;15;32;;;55;44;;;;
02/09/2015;3;6;27;34;;37;52;;;;
03/09/2015;3;9;27;;;40;54;;;;
04/09/2015;3;5;24;35;;32;60;;;;
05/09/2015;3;7;25;;;35;50;;;;
06/09/2015;3;3;23;;;27;50;;;;
07/09/2015;3;18;52;;;79;15;;;;
08/09/2015;3;11;41;;;58;34;18;;;
09/09/2015;3;15;38;;;61;44;21;;;
10/09/2015;3;15;40;29;3,19;62;48;0,97;0;;0,15
11/09/2015;3;11;34;;;51;64;26;;;
12/09/2015;3;6;41;25;4,58;50;53;0,56;0,01;;0,06
13/09/2015;3;3;19;;;23;48;;;;
14/09/2015;4;4;19;;;25;49;;;;
15/09/2015;4;13;37;27;3,19;57;41;0,42;0;;0,08
16/09/2015;3;4;16;;;22;51;19;;;
17/09/2015;4;3;18;17;1,53;23;60;0,14;0;;0
18/09/2015;4;9;34;;;48;47;;;;
19/09/2015;3;5;29;19;4,3;36;53;0,25;1,9;;0,04
20/09/2015;3;4;24;;;30;53;;;;
21/09/2015;4;17;42;;;68;44;;;;
22/09/2015;3;27;46;;;88;42;;;;
23/09/2015;3;12;39;25;;57;39;;;;
24/09/2015;3;14;39;18;1,67;60;41;0,14;0;;0,17
25/09/2015;3;20;49;27;2,5;79;34;0,28;0;;0,01
26/09/2015;3;12;39;38;;57;48;;;;
27/09/2015;3;7;33;23;;43;36;;;;
28/09/2015;4;16;42;22;1,53;67;29;0,28;0;;0,07
29/09/2015;4;10;36;20;;51;38;;;;
30/09/2015;3;14;36;;;57;50;;;;
01/10/2015;3;13;36;30;1,94;56;41;0,42;0,01;;0,35
02/10/2015;3;18;38;;;66;43;;;;
03/10/2015;3;15;48;31;3,19;70;22;0,56;0;;0,08
04/10/2015;3;14;44;;;65;26;;;;
05/10/2015;3;9;28;;;42;28;;;;
06/10/2015;3;4;24;;;30;38;;;;
07/10/2015;4;13;39;21;;58;36;;;;
08/10/2015;3;22;51;23;;84;18;;;0,04;
09/10/2015;3;9;31;16;1,32;44;34;0,28;0;;0,01
10/10/2015;3;7;34;21;1,87;44;34;0,28;0;;0,01
11/10/2015;3;5;27;28;;35;30;;;;
12/10/2015;3;10;34;29;;50;25;;;;
13/10/2015;3;16;38;21;1,18;62;22;0,42;0;;0,03
14/10/2015;3;19;43;22;;73;28;;;;
15/10/2015;3;24;43;27;1,46;80;32;0,42;0,01;;0,39
16/10/2015;3;8;40;26;;52;41;;;0,04;
17/10/2015;3;5;30;26;2,29;38;60;0,42;0;;0,07
18/10/2015;3;4;29;;;35;51;;;;
19/10/2015;3;11;42;;;58;33;;;;
20/10/2015;3;9;44;;;58;23;;;;
21/10/2015;4;15;41;25;;63;23;;;;
22/10/2015;3;23;46;29;1,67;80;25;0,42;0,01;;0,38
23/10/2015;3;46;60;39;2,92;131;15;0,56;0,01;;0,25
24/10/2015;3;16;47;36;;71;22;;;0,23;
25/10/2015;3;7;33;25;;43;31;;;;
26/10/2015;3;18;50;27;2,36;78;21;0,42;0,01;;0,13
27/10/2015;3;24;41;27;;76;18;;;;
28/10/2015;3;4;25;15;1,11;32;37;0,14;0,01;;0,01
29/10/2015;3;19;39;28;;67;27;;;;
30/10/2015;3;36;55;30;;110;20;;;;
31/10/2015;3;14;44;24;1,94;65;23;0,42;0,01;;0,03
01/11/2015;3;7;20;29;;30;59;;;0,04;
02/11/2015;3;8;33;26;;45;37;;;0,04;
03/11/2015;3;31;49;;;96;14;;;;
04/11/2015;3;27;42;;;83;17;;;;
05/11/2015;3;21;40;;;71;20;;;;
06/11/2015;4;52;56;;;136;9;;;;
07/11/2015;3;28;45;;;87;18;;;;
08/11/2015;3;13;38;;;58;23;;;;
09/11/2015;3;25;44;;;83;18;;;;
10/11/2015;3;57;59;39;;147;;;;0,07;
11/11/2015;4;68;62;52;3,82;166;;0,83;0,01;;0,31
12/11/2015;4;52;54;61;3,12;133;;0,83;0,01;;0,17
13/11/2015;3;21;49;54;;81;;;;;
14/11/2015;3;17;39;46;2,01;66;21;0,42;0,01;;0,07
15/11/2015;3;22;35;36;;68;18;;;;
16/11/2015;3;87;54;47;6,17;187;6;0,69;0,01;;1,86
17/11/2015;4;77;53;44;;171;8;;;;
18/11/2015;3;69;52;44;;158;12;;;0,09;
19/11/2015;3;79;57;45;2,97;178;11;0,69;0,01;;0,25
20/11/2015;3;40;37;30;1,86;98;19;0,56;0,01;;0,17
21/11/2015;3;3;15;25;;19;55;;;;
22/11/2015;3;11;29;14;0,47;44;46;0,14;0,01;;0,04
23/11/2015;3;24;49;;;85;21;;;;
24/11/2015;3;46;59;31;;130;17;;;;
25/11/2015;3;9;34;14;2,92;48;31;0,28;0,01;;0,1
26/11/2015;3;7;24;30;;34;68;;;0,01;
27/11/2015;3;34;45;29;;97;37;;;;
28/11/2015;3;28;49;44;6,94;92;17;0,42;0,01;;0,11
29/11/2015;3;16;37;19;;60;27;;;;
30/11/2015;5;84;60;43;3,06;189;11;0,42;0,01;;5
01/12/2015;4;65;58;47;;158;9;;;;
02/12/2015;5;91;66;55;;205;8;;;;
03/12/2015;4;63;63;59;3,47;160;13;0,69;0,01;;0,28
04/12/2015;4;83;68;62;;195;12;;;0,49;
05/12/2015;4;24;45;61;4,31;82;23;0,83;0,01;;0,21
06/12/2015;3;22;45;56;;79;23;;;;
07/12/2015;3;22;46;;;80;17;;;;
08/12/2015;4;32;43;;;92;18;;;;
09/12/2015;3;40;49;;;110;12;;;;
10/12/2015;8;82;60;53;3,06;184;6;0,69;0,01;;0,24
11/12/2015;4;57;57;42;;144;7;;;;
12/12/2015;3;36;47;41;;101;13;;;0,37;
13/12/2015;3;16;37;28;1,81;61;20;0,42;0,01;;0,1
14/12/2015;4;43;48;36;2,5;114;14;0,56;0,01;;0,18
15/12/2015;7;87;59;59;;192;12;;;;
16/12/2015;7;97;65;63;;213;5;;;;
17/12/2015;5;97;61;70;5,69;210;7;0,83;0,01;;0,29
18/12/2015;4;121;69;72;5,56;254;4;0,97;0,01;;0,4
19/12/2015;6;72;56;68;;166;6;;;;
20/12/2015;3;26;42;76;;82;14;;;0,27;
21/12/2015;5;66;57;;;159;11;;;;
22/12/2015;4;42;53;52;;117;15;;;;
23/12/2015;5;58;59;55;3,94;148;3;1,11;0,01;;0,69
24/12/2015;3;33;51;51;3,81;102;14;1,11;0,01;;3,91
25/12/2015;3;22;43;43;;77;12;;;;
26/12/2015;4;16;42;38;3,67;67;24;0,42;0,01;;0,17
27/12/2015;4;12;41;28;;59;21;;;;
28/12/2015;4;66;59;40;2,83;160;20;0,42;0,01;;0,3
29/12/2015;4;36;51;34;;106;12;;;0,23;
30/12/2015;4;36;45;24;;101;19;;;;
31/12/2015;3;7;30;19;2,42;40;33;0,14;0,01;;0,08
01/01/2016;3;13;37;31;;56;19;;;0,15;
02/01/2016;3;6;22;17;0,89;31;46;0,14;0,01;;0,02
03/01/2016;3;2;14;14;1,72;18;52;0,14;0,01;;0,02
04/01/2016;3;3;12;;;16;45;;;;
05/01/2016;5;6;29;9;;38;45;;;;
06/01/2016;3;3;13;8;0,56;16;63;0,01;0,01;;0,01
07/01/2016;3;3;13;8;;18;52;;;;
08/01/2016;3;9;25;11;;38;40;;;;
09/01/2016;4;4;15;14;;21;59;;;0,01;
10/01/2016;3;2;7;11;2,36;10;70;0,14;0,01;;0,01
11/01/2016;3;3;13;14;3,75;17;64;0,14;0,01;;0,17
12/01/2016;3;5;25;19;;33;48;;;;
13/01/2016;4;31;51;29;;98;20;;;;
14/01/2016;4;6;31;17;2,5;40;33;0,14;0,01;;0,08
15/01/2016;3;23;34;14;;70;32;;;;
16/01/2016;3;5;24;7;0,42;31;57;0,14;0,01;;0,03
17/01/2016;4;23;38;21;;73;31;;;0,44;
18/01/2016;4;17;39;;;64;24;;;;
19/01/2016;4;32;51;22;4,22;100;18;0,28;0,01;;0,45
20/01/2016;6;29;51;;;96;19;;;;
21/01/2016;7;41;58;31;2,56;122;10;1,81;0,01;;0,16
22/01/2016;6;50;52;;;128;11;;;;
23/01/2016;5;43;49;46;5,75;114;7;1,53;0,01;;0,2
24/01/2016;4;22;35;;;69;16;;;;
25/01/2016;5;22;49;53;3,81;83;18;0,42;0,01;;0,17
26/01/2016;4;23;53;59;;88;11;;;0,33;
27/01/2016;4;29;54;;;99;17;;;;
28/01/2016;5;26;44;36;2;84;22;0,69;0,01;;0,41
29/01/2016;5;37;55;42;2,69;112;8;0,97;0,01;;0,31
30/01/2016;4;12;34;;;51;24;;;;
31/01/2016;4;3;20;;;25;38;;;;
01/02/2016;5;34;44;;;95;22;;;;
02/02/2016;4;53;52;33;;133;14;;;;
03/02/2016;4;29;39;24;;84;25;;;0,3;
04/02/2016;4;29;49;23;3,06;94;32;1,25;0,01;;0,34
05/02/2016;4;32;48;31;;96;26;;;;
06/02/2016;3;33;48;31;4,86;98;19;2,78;0,01;;0,17
07/02/2016;4;3;15;4;;20;71;;;;
08/02/2016;3;3;17;5;1,4;23;60;0,1;0,01;;0,01
09/02/2016;4;3;14;4;;18;65;;;;
10/02/2016;4;3;13;1;;17;66;;;;
11/02/2016;4;5;20;1;;28;47;;;0,01;
12/02/2016;3;2;17;2;1,5;20;52;0,14;0,01;;0,02
13/02/2016;4;2;11;;;14;48;;;;
14/02/2016;3;2;12;4;;14;78;;;;
15/02/2016;4;3;21;;;26;69;;;;
16/02/2016;5;;;14;1,81;;39;0,14;0,01;;0,13
17/02/2016;4;;;12;;;38;;;;
18/02/2016;4;;;12;2,22;;51;0,14;0,01;;0,08
19/02/2016;5;;;18;;;33;;;0,3;
20/02/2016;3;18;48;15;2,22;76;38;0,42;0,01;;0,15
21/02/2016;3;5;31;12;;39;54;;;;
22/02/2016;5;26;63;48;4,86;102;33;0,97;0,01;;0,76
23/02/2016;4;22;59;117;;93;30;;;;
24/02/2016;3;12;36;37;;55;46;;;;
25/02/2016;4;5;28;7;1,67;36;59;0,14;0,01;;0,06
26/02/2016;3;5;29;14;4,58;36;57;0,14;0,01;;0,05
27/02/2016;3;2;13;1;;17;79;;;0,01;
28/02/2016;3;3;20;4;;24;69;;;;
29/02/2016;3;5;27;;;34;74;;;;
01/03/2016;4;27;55;21;;95;43;;;;
02/03/2016;4;8;38;13;1,67;50;46;0,14;0,01;;0,07
03/03/2016;4;28;55;16;;99;43;;;;
04/03/2016;3;6;31;13;;41;56;;;;
05/03/2016;3;3;16;4;1,67;20;75;0,14;0,01;;0,01
06/03/2016;3;4;28;6;;35;63;;;0,01;
07/03/2016;4;6;33;6;;43;37;;;0,18;
08/03/2016;4;13;42;11;1,53;62;52;0,28;0,01;;0,06
09/03/2016;3;7;38;7;;49;42;;;;
10/03/2016;4;8;40;6;1,67;52;54;0,14;0,01;;0,03
11/03/2016;5;9;51;14;;65;41;;;;
12/03/2016;4;5;42;13;1,94;50;53;0,28;0,01;;0,03
13/03/2016;4;4;28;16;;33;70;;;;
14/03/2016;4;6;40;;;50;72;;;;
15/03/2016;4;7;41;22;;52;66;;;0,01;
16/03/2016;4;11;42;22;1,43;59;53;0,83;0,01;;0,08
17/03/2016;3;12;40;23;2,26;58;56;0,28;0,01;;0,03
18/03/2016;3;8;44;28;;56;62;;;;
19/03/2016;4;8;43;37;2,26;55;48;0,42;0,02;;0,06
20/03/2016;3;9;30;23;;43;53;;;;
21/03/2016;4;4;36;26;2,12;41;65;0,56;0,01;;0,04
22/03/2016;3;2;35;16;;39;55;;;;
23/03/2016;4;4;47;;;52;50;;;0,09;
24/03/2016;6;3;36;24;1,57;40;68;0,28;0,01;;0,06
25/03/2016;4;3;35;28;1,15;38;61;0,28;0,01;;0,06
26/03/2016;4;3;28;21;;32;57;;;;
27/03/2016;4;2;16;12;0,46;19;71;0,14;0,01;;0,01
28/03/2016;3;2;16;17;0,74;19;69;0,14;0,01;;0,01
29/03/2016;3;3;29;;;32;55;;;;
31/03/2016;3;3;25;;;29;67;;;;
01/04/2016;3;3;39;;;43;55;;;;
02/04/2016;5;3;35;;;39;60;;;;
03/04/2016;4;3;34;;;37;67;;;;
04/04/2016;4;2;35;;;38;53;;;;
05/04/2016;4;4;41;;;46;32;;;;
06/04/2016;4;4;47;;;52;42;;;;
07/04/2016;4;4;44;;;50;51;;;;
08/04/2016;4;3;30;;;34;68;;;;
09/04/2016;5;3;35;;;39;55;;;;
10/04/2016;4;3;38;;;41;62;;;;
11/04/2016;4;3;28;;;32;71;;;;
12/04/2016;3;3;38;21;5,03;42;56;0,14;0,01;;0,14
13/04/2016;3;2;18;10;;21;80;;;;
14/04/2016;;;;22;3,36;;;0,14;0,01;;0,29
15/04/2016;;;;34;;;;;;;
16/04/2016;4;3;24;16;;28;63;;;0,01;
17/04/2016;3;2;16;4;0,86;19;76;0,14;0,01;;0,01
18/04/2016;4;4;30;20;2,81;35;66;0,28;0,01;;0,03
19/04/2016;4;4;25;18;;30;82;;;;
20/04/2016;4;3;35;24;;39;78;;;;
21/04/2016;3;3;27;16;2,81;30;79;0,14;0,01;;0,07
22/04/2016;3;4;51;23;4,61;56;46;0,42;0,01;;0,06
23/04/2016;3;3;36;17;;40;56;;;;
24/04/2016;3;3;21;5;;25;73;;;0,01;
25/04/2016;4;3;36;;;40;67;;;;
26/04/2016;3;4;44;34;;49;56;;;;
27/04/2016;4;4;36;29;2,92;41;61;0,28;0,01;;0,07
28/04/2016;3;3;29;19;1,25;33;69;0,28;0,01;;0,04
29/04/2016;4;4;36;20;;41;64;;;;
30/04/2016;4;3;32;20;2,22;36;53;0,42;0,01;;0,06
01/05/2016;4;3;21;15;;24;83;;;;
02/05/2016;4;3;47;26;2,78;51;60;0,69;0,01;;0,33
03/05/2016;6;3;49;27;;54;64;;;0,14;
04/05/2016;5;3;38;;;42;87;;;;
05/05/2016;3;3;54;;;59;52;;;;
06/05/2016;3;3;36;22;;41;79;;;;
07/05/2016;4;2;22;23;3,19;25;102;0,28;0,01;;0,07
08/05/2016;4;2;25;20;;28;87;;;;
09/05/2016;4;4;43;;;48;45;;;;
10/05/2016;3;4;53;16;1,67;59;20;0,62;0,01;;0,15
11/05/2016;3;2;26;11;;29;64;;;0,01;
12/05/2016;3;2;20;6;1,11;24;75;0,01;0,01;;0,04
13/05/2016;4;3;30;11;;34;62;;;;
14/05/2016;3;3;29;10;1,39;32;63;0,07;1,7;;0,04
15/05/2016;3;2;28;13;;32;80;;;;
16/05/2016;5;3;39;19;5,97;44;65;0,21;0,01;;0,08
17/05/2016;4;3;39;;;44;60;;;;
18/05/2016;3;3;36;22;4,86;40;63;0,21;0,01;;0,18
19/05/2016;4;5;32;19;;39;60;;;0,01;
20/05/2016;4;6;32;23;5,56;41;50;0,35;0,01;;0,11
21/05/2016;4;5;16;;;24;67;;;;
22/05/2016;3;5;10;22;2,78;18;71;0,21;0,01;;0,04
23/05/2016;4;5;16;;;24;63;;;;
24/05/2016;3;5;21;25;;30;58;;;;
25/05/2016;4;6;27;32;;36;56;;;;
26/05/2016;4;6;19;25;3,66;27;75;0,14;0,01;;0,06
27/05/2016;3;6;20;31;;28;73;;;0,01;
28/05/2016;4;5;17;30;3,24;25;63;0,69;0,01;;0,11
29/05/2016;4;5;5;8;;12;73;;;;
30/05/2016;4;6;22;17;1,6;30;69;0,28;0,01;;0,08
31/05/2016;4;6;32;20;;41;53;;;;
01/06/2016;4;5;28;21;;37;75;;;;
02/06/2016;5;4;34;24;4,91;40;65;0,28;0,01;;0,19
03/06/2016;5;3;29;20;;33;68;;;;
04/06/2016;3;2;33;26;;36;51;;;0,01;
05/06/2016;3;3;23;24;6,3;26;58;0,56;0,01;;0,06
06/06/2016;4;3;28;;;32;56;;;;
07/06/2016;4;3;27;23;10,62;31;56;0,28;0,01;;0,17
08/06/2016;3;3;27;26;;32;58;;;;
09/06/2016;4;4;37;;;43;50;;;;
10/06/2016;4;3;21;23;;26;74;;;;
11/06/2016;4;2;14;20;2,57;17;89;0,28;0,01;;0,06
12/06/2016;3;3;17;24;;21;72;;;0,01;
13/06/2016;4;3;34;25;;39;50;;;0,01;
14/06/2016;3;3;21;23;6,18;26;55;0,28;0,01;;0,06
15/06/2016;5;3;15;21;;20;55;;;;
16/06/2016;4;3;15;13;0,76;19;51;0,14;0,01;;0,01
17/06/2016;4;3;23;19;2,02;28;63;0,28;0,01;;0,08
18/06/2016;3;3;18;16;;22;67;;;;
19/06/2016;4;3;15;14;3,12;19;68;0,42;0,01;;0,17
22/06/2016;5;3;30;;;35;54;;;;
23/06/2016;6;3;30;18;;34;62;;;;
24/06/2016;4;3;32;29;;36;63;;;;
25/06/2016;3;2;16;;;19;73;;;;
26/06/2016;3;2;11;25;;15;68;;;;
27/06/2016;4;3;19;;;23;60;;;;
28/06/2016;5;3;28;24;;33;52;;;;
29/06/2016;4;3;30;25;;35;54;;;0,01;
30/06/2016;4;3;26;;;30;48;;;;
01/07/2016;3;3;23;;;28;55;;;;
02/07/2016;5;2;17;21;;20;52;;;;
03/07/2016;4;2;12;20;;15;67;;;;
04/07/2016;3;3;20;20;;24;53;;;;
05/07/2016;5;3;24;;;28;58;;;;
06/07/2016;4;3;27;;;31;66;;;;
07/07/2016;4;3;34;28;;38;60;;;0,01;
08/07/2016;4;3;39;;;44;56;;;;
09/07/2016;3;3;19;29;6,81;23;81;0,56;0,01;;0,07
10/07/2016;4;2;19;;;22;80;;;;
11/07/2016;5;3;35;;;39;71;;;;
12/07/2016;6;3;25;;;30;61;;;;
13/07/2016;3;3;14;;;18;62;;;;
14/07/2016;3;3;19;;;23;59;;;;
15/07/2016;4;3;18;;;23;62;;;;
16/07/2016;3;3;15;;;19;68;;;;
17/07/2016;3;2;18;;;21;73;;;;
18/07/2016;5;3;29;;;33;57;;;;
19/07/2016;4;3;28;29;;32;62;;;;
20/07/2016;3;3;33;;;37;55;;;;
21/07/2016;4;3;28;35;;32;53;;;;
22/07/2016;4;3;27;36;;31;54;;;;
23/07/2016;4;2;21;26;5,69;25;60;0,28;0,01;;0,11
24/07/2016;5;2;17;;;21;68;;;;
25/07/2016;4;3;27;;;31;65;;;;
26/07/2016;4;;;32;7,78;;67;0,42;0,01;;0,36
27/07/2016;5;;;26;;;70;;;;
28/07/2016;3;;;29;12,92;;58;0,42;0,01;;0,11
29/07/2016;3;;;33;;;57;;;;
30/07/2016;3;3;42;40;14,03;47;53;0,42;0,01;;0,08
31/07/2016;3;6;40;36;;49;44;;;;
01/08/2016;5;4;21;29;;27;54;;;;
02/08/2016;3;9;32;;;46;47;;;;
03/08/2016;5;8;34;;;46;52;;;;
04/08/2016;3;7;29;;;40;57;;;;
05/08/2016;4;10;26;;;41;40;;;;
06/08/2016;3;6;28;34;9,03;38;45;0,28;0,01;;0,1
07/08/2016;3;4;14;24;;20;63;;;;
08/08/2016;3;7;29;22;4,31;39;58;0,14;0,01;;0,04
09/08/2016;3;8;42;28;;54;62;;;;
10/08/2016;3;6;24;;;34;61;;;;
11/08/2016;3;9;36;25;2,5;49;50;0,42;0,01;;0,06
12/08/2016;;;;30;4,03;;58;0,42;0,01;;0,07
13/08/2016;;;;24;;;72;;;;
14/08/2016;;;;22;;;64;;;;
15/08/2016;;;;16;5,56;;68;0,14;0,01;;0,06
16/08/2016;;;;28;;;39;;;;
17/08/2016;;;;41;5,97;;49;0,56;0,01;;0,08
18/08/2016;3;9;18;38;;31;57;;;;
19/08/2016;3;10;19;;;34;51;;;;
20/08/2016;4;5;11;;;18;53;;;;
21/08/2016;4;2;6;25;;9;64;;;;
22/08/2016;3;13;21;21;3,06;41;46;0,28;0,01;;0,06
23/08/2016;3;12;22;23;;40;46;;;;
24/08/2016;3;7;21;21;;31;55;;;;
25/08/2016;3;7;25;25;6,25;35;59;0,14;0,01;;0,03
26/08/2016;3;7;25;;;36;53;;;;
27/08/2016;3;6;17;19;5;25;55;0,28;0,01;;0,07
28/08/2016;3;4;12;23;3,47;19;51;0,28;0,01;;0,08
29/08/2016;3;6;13;24;;22;59;;;;
30/08/2016;3;5;12;25;;20;60;;;;
31/08/2016;3;9;16;20;4,31;30;61;0,28;0,01;;0,1
01/09/2016;3;7;18;;;28;58;;;;
02/09/2016;3;15;29;24;;53;45;;;;
03/09/2016;3;10;26;28;;42;52;;;;
04/09/2016;3;7;26;28;;36;55;;;0,14;
05/09/2016;4;26;54;;;94;45;;;;
06/09/2016;3;24;39;;;76;59;;;;
07/09/2016;3;10;25;30;;40;61;;;;
08/09/2016;4;9;24;22;;37;52;;;;
09/09/2016;4;9;21;;;35;55;;;;
10/09/2016;3;5;15;20;;22;64;;;;
11/09/2016;3;5;16;;;23;55;;;;
12/09/2016;3;9;21;22;;34;54;;;0,07;
13/09/2016;3;10;25;23;;39;50;;;0,04;
14/09/2016;3;6;18;;;27;43;;;;
15/09/2016;;12;27;;;45;37;;;;
16/09/2016;;15;35;19;;59;32;;;;
17/09/2016;;9;25;16;2,01;38;37;0,14;0,01;;0,03
18/09/2016;;7;16;14;;27;44;;;;
19/09/2016;;17;32;19;2,01;58;40;0,14;0,01;;0,17
20/09/2016;;23;35;21;;69;40;;;0,09;
21/09/2016;4;18;30;24;;57;49;;;;
22/09/2016;4;20;35;28;4,79;66;44;0,42;0,01;;0,19
23/09/2016;5;11;29;25;4,93;45;53;0,56;0,01;;0,14
24/09/2016;6;7;21;15;;31;56;;;;
25/09/2016;;5;16;15;;23;63;;;;
26/09/2016;;11;32;23;2,99;48;49;0,42;0,01;;0,07
27/09/2016;5;14;26;20;;47;48;;;;
28/09/2016;3;9;23;25;;36;68;;;0,04;
29/09/2016;3;26;43;;;82;43;;;;
30/09/2016;4;13;33;;;53;37;;;;
01/10/2016;4;10;26;25;2,5;41;42;1,94;0,01;;0,11
02/10/2016;3;8;21;31;;33;54;;;;
03/10/2016;3;13;31;;;51;42;;;;
04/10/2016;3;11;25;23;;42;47;;;;
05/10/2016;4;14;28;25;;48;48;;;;
06/10/2016;5;20;30;27;;61;41;;;0,12;
07/10/2016;4;15;32;27;2,92;54;54;0,28;0,1;;0,08
08/10/2016;4;10;30;25;2,64;45;44;0,28;0,01;;0,18
09/10/2016;5;6;16;19;;25;57;;;;
10/10/2016;5;9;21;20;;35;58;;;;
11/10/2016;5;16;32;29;2,92;56;56;0,42;0,01;;0,13
12/10/2016;3;5;19;22;;27;63;;;;
13/10/2016;3;10;22;;;38;33;;;;
14/10/2016;;11;26;10;;43;35;;;0,08;
15/10/2016;;12;30;;;48;43;;;;
16/10/2016;3;9;26;17;;39;50;;;;
17/10/2016;3;13;30;31;3,4;49;53;0,42;0,01;;0,33
18/10/2016;3;19;43;25;;73;23;;;;
19/10/2016;3;17;36;24;;62;32;;;;
20/10/2016;3;25;42;;;79;15;;;;
21/10/2016;3;17;37;;;63;29;;;;
22/10/2016;3;12;29;;;47;32;;;;
23/10/2016;3;12;26;;;43;28;;;;
24/10/2016;3;21;38;;;70;17;;;;
25/10/2016;3;43;46;;;111;9;;;;
26/10/2016;3;39;43;;;102;9;;;;
27/10/2016;3;34;37;;;89;22;;;;
28/10/2016;4;37;50;38;;107;22;;;;
29/10/2016;3;24;37;31;2,82;74;27;0,97;0,01;;0,1
30/10/2016;3;17;33;;;59;29;;;;
31/10/2016;3;23;46;;;81;34;;;;
01/11/2016;3;18;39;27;4,62;67;40;0,56;0,01;;0,1
02/11/2016;4;64;62;41;;160;18;;;;
03/11/2016;4;55;54;43;5,33;138;16;1,11;0,01;;0,18
04/11/2016;3;50;56;44;;133;9;;;;
05/11/2016;3;8;11;11;1,57;22;49;0,28;0,01;;0,06
06/11/2016;3;4;9;2;;16;59;;;;
07/11/2016;3;23;38;13;;72;29;;;;
08/11/2016;3;13;27;;1,71;46;35;0,14;0,01;;0,04
09/11/2016;3;10;21;13;;37;38;;;;
10/11/2016;3;37;46;;;104;19;;;;
11/11/2016;3;40;45;;;107;20;;;;
12/11/2016;3;24;39;;;75;20;;;;
13/11/2016;3;23;37;;;72;23;;;;
14/11/2016;3;25;42;;;80;19;;;;
15/11/2016;3;34;43;22;;95;26;;;;
16/11/2016;4;37;45;;;102;23;;;;
17/11/2016;3;60;58;31;3,26;150;15;0,56;0,01;;0,21
18/11/2016;4;62;57;32;3,4;152;14;0,56;0,01;;0,58
19/11/2016;3;40;43;28;;104;18;;;;
20/11/2016;3;10;16;13;2,99;30;44;0,28;0,01;;0,06
21/11/2016;3;46;44;12;2,29;114;10;0,42;0,01;;0,17
22/11/2016;3;31;44;8;;92;11;;;;
23/11/2016;3;20;34;7;0,35;65;16;0,14;0,01;;0,06
24/11/2016;3;17;27;;;53;27;;;;
25/11/2016;3;26;36;15;;76;26;;;;
26/11/2016;3;31;40;;;88;24;;;;
27/11/2016;3;11;21;11;;38;44;;;;
28/11/2016;3;58;57;;;146;17;;;;
29/11/2016;3;26;41;16;;82;14;;;;
30/11/2016;3;14;28;20;;50;42;;;;
01/12/2016;4;50;47;;;123;28;;;;
02/12/2016;4;75;56;;;171;9;;;;
03/12/2016;3;27;31;;;73;14;;;;
04/12/2016;3;11;25;13;;41;46;;;;
05/12/2016;3;11;22;18;;39;54;;;;
06/12/2016;3;30;34;;;80;30;;;;
07/12/2016;3;55;52;25;;136;11;;;;
08/12/2016;3;25;38;;;76;26;;;;
09/12/2016;3;49;52;24;;126;16;;;;
10/12/2016;3;35;36;;;90;18;;;;
11/12/2016;3;43;38;;;104;11;;;;
12/12/2016;4;56;38;;;123;11;;;;
13/12/2016;3;64;48;;;147;8;;;;
14/12/2016;3;68;52;;;156;10;;;;
15/12/2016;4;61;54;;;148;6;;;;
20/12/2016;3;21;40;;;72;19;;;;
21/12/2016;4;47;53;;;126;13;;;;
22/12/2016;5;72;59;;;169;16;;;;
23/12/2016;4;57;52;;;138;9;;;;
24/12/2016;3;41;40;;;104;12;;;;
25/12/2016;3;26;28;;;66;16;;;;
26/12/2016;3;46;40;;;110;11;;;;
27/12/2016;4;87;53;;;186;9;;;;
28/12/2016;4;61;49;;;143;12;;;;
29/12/2016;4;50;48;;;125;10;;;;
30/12/2016;3;43;45;;;111;15;;;;
31/12/2016;3;23;37;;;73;18;;;;
01/01/2017;3;14;23;;;44;24;;;;
02/01/2017;4;59;48;;;139;12;;;;
03/01/2017;6;119;69;;;251;4;;;;
04/01/2017;5;81;52;;;177;12;;;;
05/01/2017;4;42;45;;;109;13;;;;
06/01/2017;3;31;36;;;83;20;;;;
07/01/2017;4;40;40;33;;101;12;;;0,28;
08/01/2017;3;29;30;27;0,73;75;14;0,7;0,01;;0,14
09/01/2017;4;50;46;36;1,43;122;14;0,7;0,01;;0,28
10/01/2017;3;18;28;19;;55;30;;;;
11/01/2017;4;42;41;26;;105;38;;;;
12/01/2017;4;48;34;;;107;17;;;;
13/01/2017;3;10;18;12;;34;46;;;;
14/01/2017;3;4;8;6;0,45;14;67;0,01;0,01;;0,06
15/01/2017;3;3;6;3;;10;69;;;0,01;
16/01/2017;3;9;15;11;;28;56;;;0,08;
17/01/2017;3;11;21;;;38;52;;;;
18/01/2017;4;25;37;19;;75;29;;;;
19/01/2017;3;10;21;23;0,98;36;48;0,28;0,01;;0,06
20/01/2017;3;17;35;10;;60;39;;;;
21/01/2017;3;5;8;;;16;73;;;;
22/01/2017;3;7;18;12;;29;61;;;;
23/01/2017;4;32;46;;;95;24;;;;
24/01/2017;4;45;46;30;;114;16;;;0,37;
25/01/2017;4;31;42;26;;90;25;;;;
26/01/2017;3;31;43;40;2,11;90;26;0,56;0,01;;0,22
27/01/2017;3;18;34;27;1,96;61;44;0,42;0,01;;0,21
28/01/2017;3;19;26;13;;56;47;;;;
29/01/2017;3;10;18;16;;32;38;;;;
30/01/2017;5;63;49;;;145;16;;;;
31/01/2017;5;91;50;51;;189;12;;;;
01/02/2017;3;55;49;41;;134;10;;;0,19;
02/02/2017;3;17;29;;;55;34;;;;
03/02/2017;3;10;14;23;;28;62;;;;
04/02/2017;3;7;3;;;13;78;;;;
05/02/2017;3;6;2;8;;10;86;;;;
06/02/2017;3;15;20;;;43;58;;;;
07/02/2017;3;11;15;16;;31;45;;;;
08/02/2017;3;7;14;29;;24;77;;;;
09/02/2017;4;15;35;;;58;55;;;;
10/02/2017;3;26;46;;;85;36;;;;
11/02/2017;3;7;22;;;33;66;;;;
12/02/2017;3;6;19;58;;28;69;;;;
13/02/2017;3;13;32;;;52;45;;;;
14/02/2017;3;39;48;;;108;24;;;;
15/02/2017;3;25;44;;;82;24;;;;
16/02/2017;4;41;44;;;106;26;;;;
17/02/2017;4;44;47;;;115;19;;;;
18/02/2017;3;23;35;;;70;36;;;;
19/02/2017;3;12;30;;;48;62;;;;
20/02/2017;4;40;48;;;108;33;;;;
21/02/2017;4;36;51;;;106;29;;;;
22/02/2017;5;62;67;;;162;14;;;;
23/02/2017;4;43;55;;;121;15;;;;
24/02/2017;3;35;46;;;99;15;;;;
28/02/2017;3;6;19;;;29;54;;;;
01/03/2017;3;14;33;;;53;43;;;;
02/03/2017;4;44;50;;;117;27;;;;
03/03/2017;3;40;40;;;101;43;;;;
04/03/2017;3;2;10;;;13;76;;;;
05/03/2017;3;3;12;;;16;56;;;;
06/03/2017;3;10;25;;;40;47;;;;
07/03/2017;3;22;32;;;66;42;;;;
08/03/2017;4;25;43;;;81;38;;;;
09/03/2017;3;46;60;;;130;26;;;;
10/03/2017;3;36;55;;;110;36;;;;
11/03/2017;3;33;47;;;97;31;;;;
12/03/2017;3;12;27;;;45;61;;;;
13/03/2017;3;11;26;;;43;63;;;;
14/03/2017;3;11;31;;;48;72;;;;
15/03/2017;3;33;48;;;98;52;;;;
16/03/2017;3;23;48;;;83;48;;;;
17/03/2017;3;17;41;;;67;54;;;;
18/03/2017;3;19;48;;;77;51;;;;
19/03/2017;4;19;46;;;75;46;;;;
20/03/2017;5;22;44;;;78;53;;;;
21/03/2017;4;32;42;;;90;52;;;;
22/03/2017;3;6;21;;;31;62;;;;
23/03/2017;3;3;13;;;18;82;;;;
24/03/2017;5;11;31;;;48;58;;;;
27/03/2017;4;11;27;;;44;77;;;;
28/03/2017;5;27;42;;;83;43;;;;
29/03/2017;5;18;37;;;64;61;;;;
30/03/2017;7;32;42;;;90;56;;;;
31/03/2017;6;25;43;;;82;57;;;;
01/04/2017;6;10;32;;;47;53;;;;
02/04/2017;5;8;24;;;36;64;;;;
03/04/2017;6;16;37;;;61;52;;;;
04/04/2017;7;32;50;;;100;45;;;;
05/04/2017;6;35;47;;;101;38;;;;
06/04/2017;5;19;37;;;66;57;;;;
07/04/2017;6;25;49;;;87;53;;;;
08/04/2017;5;12;31;;;49;81;;;;
09/04/2017;6;8;26;;;38;75;;;;
11/04/2017;8;32;51;;;100;42;;;;
12/04/2017;6;23;43;;;78;51;;;;
13/04/2017;6;17;41;;;67;57;;;;
14/04/2017;5;12;29;;;47;77;;;;
15/04/2017;7;8;30;;;42;77;;;;
16/04/2017;4;6;18;;;27;74;;;;
17/04/2017;3;9;20;;;34;58;;;;
18/04/2017;5;14;29;;;49;58;;;;
19/04/2017;4;8;25;;;37;78;;;;
20/04/2017;5;8;24;;;36;84;;;;
21/04/2017;6;14;33;;;55;72;;;;
22/04/2017;4;6;21;;;31;87;;;;
23/04/2017;4;8;24;;;36;77;;;;
24/04/2017;6;9;27;;;41;74;;;;
25/04/2017;3;20;44;;;74;47;;;;
26/04/2017;4;19;30;;;59;53;;;;
27/04/2017;4;15;36;;;59;36;;;;
28/04/2017;5;12;30;;;48;54;;;;
29/04/2017;3;9;26;;;40;66;;;;
30/04/2017;3;4;10;;;16;75;;;;
01/05/2017;6;4;13;;;19;88;;;;
02/05/2017;6;17;28;;;54;67;;;;
03/05/2017;5;13;25;;;45;72;;;;
04/05/2017;4;11;24;;;40;66;;;;
05/05/2017;3;11;27;;;43;67;;;;
06/05/2017;4;4;13;;;19;80;;;;
07/05/2017;6;12;29;;;47;61;;;;
08/05/2017;7;19;31;;;59;69;;;;
09/05/2017;6;11;24;;;40;76;;;;
10/05/2017;4;14;26;;;47;72;;;;
11/05/2017;4;4;13;;;19;80;;;;
12/05/2017;4;4;11;;;17;75;;;;
13/05/2017;5;3;10;;;15;75;;;;
14/05/2017;5;6;18;;;27;74;;;;
15/05/2017;6;20;39;;;69;42;;;;
16/05/2017;7;24;45;;;83;34;;;;
17/05/2017;9;24;47;;;85;40;;;;
18/05/2017;5;20;42;;;73;46;;;;
19/05/2017;4;;;;;;62;;;;
20/05/2017;3;;;;;;76;;;;
21/05/2017;3;;;;;;75;;;;
22/05/2017;3;;;;;;72;;;;
23/05/2017;3;;;;;;63;;;;
24/05/2017;4;;;;;;47;;;;
25/05/2017;3;;;;;;70;;;;
26/05/2017;3;;;;;;72;;;;
27/05/2017;3;;;;;;78;;;;
28/05/2017;3;;;;;;86;;;;
29/05/2017;3;5;49;;;56;74;;;;
30/05/2017;3;7;46;;;57;66;;;;
31/05/2017;3;4;35;;;41;62;;;;
01/06/2017;3;15;40;30;7,42;62;57;0,56;0,01;;0,32
02/06/2017;3;7;34;31;;44;53;;;;
03/06/2017;3;1;25;29;;27;60;;;0,04;
04/06/2017;3;1;20;;;22;60;;;;
05/06/2017;3;4;30;14;;37;51;;;;
06/06/2017;3;4;37;;;43;57;;;;
07/06/2017;3;6;29;28;;39;57;;;;
08/06/2017;3;4;30;31;6,03;35;59;0,28;0,01;;0,03
09/06/2017;3;2;31;29;;34;59;;;;
10/06/2017;4;1;28;25;7,97;30;56;0,28;0,01;;0,04
11/06/2017;3;1;30;21;;31;61;;;0,04;
12/06/2017;4;13;49;25;;69;43;;;0,09;
13/06/2017;4;4;54;;;61;42;;;;
14/06/2017;3;2;52;;;55;54;;;;
15/06/2017;3;1;48;;;49;69;;;;
16/06/2017;4;1;41;;;43;57;;;;
17/06/2017;3;1;32;;;34;69;;;;
18/06/2017;3;1;20;;;21;90;;;;
19/06/2017;3;1;37;;;39;65;;;;
20/06/2017;3;1;33;;;35;68;;;;
21/06/2017;3;1;33;;;35;67;;;;
22/06/2017;3;1;43;;;45;55;;;;
23/06/2017;4;1;38;;;40;72;;;;
24/06/2017;3;1;26;;;27;74;;;;
25/06/2017;3;1;15;;;16;72;;;;
26/06/2017;3;1;29;48;;31;65;;;;
27/06/2017;3;1;34;;;35;60;;;;
28/06/2017;3;1;14;;;16;64;;;;
29/06/2017;3;1;17;;;19;86;;;;
30/06/2017;4;1;28;24;;30;76;;;;
01/07/2017;3;1;23;37;19,86;24;64;0,28;0,01;;0,17
02/07/2017;3;1;19;26;;21;55;;;;
03/07/2017;3;5;35;26;;43;46;;;;
04/07/2017;3;5;33;;;41;45;;;;
05/07/2017;3;4;33;25;;39;44;;;;
06/07/2017;3;3;34;33;;38;46;;;0,04;
07/07/2017;3;2;32;;;36;52;;;;
08/07/2017;3;1;20;37;7,64;22;71;0,42;0,01;;0,08
09/07/2017;3;1;21;27;;23;94;;;;
10/07/2017;3;7;37;;;48;64;;;;
11/07/2017;3;3;27;36;;32;67;;;;
12/07/2017;3;6;35;34;;44;53;;;;
13/07/2017;3;2;28;;;32;50;;;;
14/07/2017;3;1;22;35;8,04;24;51;0,28;0,01;;0,04
15/07/2017;3;1;16;;;18;67;;;;
16/07/2017;3;1;17;28;7,76;19;72;0,28;0,01;;0,04
17/07/2017;3;1;25;39;;27;71;;;;
18/07/2017;3;1;21;40;;23;86;;;;
19/07/2017;3;1;21;45;13,74;23;86;0,42;0,01;;0,1
20/07/2017;3;1;23;49;;25;76;;;;
21/07/2017;3;1;21;36;;23;79;;;;
22/07/2017;3;1;17;38;13,32;19;77;0,42;0,01;;0,1
23/07/2017;3;1;14;;;16;82;;;;
24/07/2017;3;1;20;;;22;;;;;
25/07/2017;3;1;23;21;6,1;24;;0,14;0,01;;0,07
26/07/2017;4;1;28;34;;29;;;;;
27/07/2017;4;1;27;47;16,1;29;54;0,42;0,01;;0,08
28/07/2017;4;1;20;40;;21;55;;;;
29/07/2017;4;1;18;32;9,15;20;54;0,42;0,01;;0,1
30/07/2017;4;1;15;32;;16;60;;;;
31/07/2017;4;1;16;;;18;61;;;;
01/08/2017;4;1;26;;;28;52;;;;
02/08/2017;4;1;37;49;9,29;39;36;0,56;0,01;;0,11
03/08/2017;3;1;44;;;46;45;;;;
04/08/2017;3;1;39;43;9,43;41;45;0,56;0,01;;1
05/08/2017;3;1;25;33;;26;58;;;;
06/08/2017;3;1;12;;;14;58;;;;
07/08/2017;3;1;23;;;25;51;;;;
08/08/2017;3;1;23;;;25;56;;;;
09/08/2017;3;1;15;;;17;71;;;;
10/08/2017;3;1;18;;;20;65;;;;
11/08/2017;3;1;26;;;28;55;;;;
12/08/2017;3;1;15;;;16;73;;;;
13/08/2017;3;1;14;;;16;72;;;;
14/08/2017;3;1;22;;;24;62;;;;
15/08/2017;3;1;16;;;18;63;;;;
16/08/2017;3;2;25;;;28;53;;;;
17/08/2017;3;1;20;;;22;67;;;;
18/08/2017;3;1;22;;;24;62;;;;
19/08/2017;3;1;17;;;19;65;;;;
20/08/2017;3;1;14;;;16;63;;;;
21/08/2017;3;1;25;;;27;46;;;;
22/08/2017;3;1;28;;;29;46;;;;
23/08/2017;3;1;25;;;27;47;;;;
24/08/2017;3;1;23;;;25;53;;;;
25/08/2017;3;1;29;;;31;50;;;;
26/08/2017;3;1;20;;;22;46;;;;
27/08/2017;3;1;18;;;20;45;;;;
28/08/2017;3;1;30;;;32;30;;;;
29/08/2017;3;1;36;;;38;19;;;;
30/08/2017;3;1;22;;;24;38;;;;
31/08/2017;3;1;34;;;36;36;;;;
01/09/2017;3;1;29;18;;31;43;;;;
02/09/2017;3;1;20;14;;22;54;;;0,04;
03/09/2017;3;1;20;;;22;49;;;;
04/09/2017;3;1;32;;;34;45;;;;
05/09/2017;3;1;28;;;29;53;;;;
06/09/2017;4;1;37;;;39;28;;;;
07/09/2017;3;1;30;21;4,22;32;31;0,28;0,01;;0,07
08/09/2017;3;;;;;;36;;;;
09/09/2017;3;;;;;;38;;;;
10/09/2017;3;;;;;;38;;;;
11/09/2017;3;;;;;;40;;;;
12/09/2017;4;;;30;17;;27;0,42;0,01;;0,33
13/09/2017;3;;;;;;34;;;;
14/09/2017;3;;;31;9,1;;43;0,56;0,01;;0,25
15/09/2017;3;2;15;;;18;40;;;;
16/09/2017;3;2;16;14;7,56;18;37;0,14;0,01;;0,08
17/09/2017;3;2;13;;;15;49;;;;
18/09/2017;3;5;21;;;29;36;;;;
19/09/2017;3;5;22;;;29;40;;;;
20/09/2017;3;3;20;23;;24;43;;;;
21/09/2017;3;8;23;;;35;41;;;;
22/09/2017;3;9;25;;;38;36;;;;
23/09/2017;3;2;19;20;;21;41;;;;
24/09/2017;3;2;16;28;;19;43;;;;
25/09/2017;3;10;22;;;36;49;;;;
26/09/2017;3;3;17;21;;21;51;;;;
27/09/2017;3;9;23;;;37;38;;;;
28/09/2017;;;;;;;41;;;;
29/09/2017;;12;42;25;;61;37;;;;
30/09/2017;;5;30;;;38;49;;;;
01/10/2017;3;4;31;18;;37;45;;;;
02/10/2017;3;12;37;;;55;28;;;;
03/10/2017;3;15;33;24;;55;27;;;;
04/10/2017;3;17;33;18;;58;27;;;;
05/10/2017;3;19;41;33;;70;16;;;0,11;
06/10/2017;4;30;53;38;19,37;99;20;0,97;0,01;;0,35
07/10/2017;3;6;34;29;5,9;44;20;0,69;0,01;;0,06
08/10/2017;3;5;28;20;;35;30;;;;
09/10/2017;3;6;25;20;;34;37;;;;
10/10/2017;3;15;36;24;4,24;59;38;0,56;0,01;;0,26
11/10/2017;3;15;37;22;;59;37;;;;
12/10/2017;3;6;30;30;4,65;39;40;0,42;0,01;;0,06
13/10/2017;4;10;39;31;;54;41;;;0,04;
14/10/2017;4;7;36;28;5,76;46;38;0,42;0,01;;0,07
15/10/2017;3;6;33;22;;43;30;;;;
16/10/2017;3;23;45;;;80;27;;;;
17/10/2017;3;11;37;22;;54;38;;;;
18/10/2017;3;17;40;19;;65;24;;;;
19/10/2017;3;15;42;10;2,19;64;22;0,28;0,01;;0,14
20/10/2017;3;15;46;17;9,27;69;24;0,42;0,01;;0,07
21/10/2017;4;12;35;15;;53;23;;;0,08;
22/10/2017;4;8;36;21;;49;23;;;;
23/10/2017;4;14;41;20;9,55;63;22;0,42;0,01;;0,13
24/10/2017;5;26;53;28;;93;19;;;;
25/10/2017;6;64;75;41;8,59;173;12;0,97;0,01;;0,24
26/10/2017;5;42;64;41;;129;18;;;;
27/10/2017;5;34;63;34;;115;19;;;;
28/10/2017;4;11;43;24;5,38;60;25;0,42;0,01;;0,13
29/10/2017;4;12;37;20;;55;24;;;0,04;
30/10/2017;4;23;50;;;85;17;;;;
31/10/2017;3;12;40;;;58;23;;;;
01/11/2017;3;10;31;17;;47;25;;;;
02/11/2017;4;22;42;24;4,49;76;14;0,42;0,01;;0,53
03/11/2017;4;30;45;27;;91;19;;;;
04/11/2017;3;5;17;12;2,26;24;29;0,42;0,01;;0,06
05/11/2017;3;3;9;7;;13;46;;;;
06/11/2017;3;5;13;12;;20;;;;;
07/11/2017;4;18;34;20;;61;;;;0,15;
08/11/2017;4;17;35;17;2,68;61;38;0,28;0,01;;0,11
09/11/2017;4;16;33;17;2,12;58;44;0,14;0,01;;0,36
10/11/2017;4;39;54;24;;114;25;;;;
11/11/2017;4;15;34;16;8,24;57;;0,14;0,01;;0,08
12/11/2017;5;8;24;14;;35;;;;;
13/11/2017;4;4;19;;;24;;;;;
14/11/2017;3;19;37;27;;66;34;;;;
15/11/2017;6;78;88;47;;207;20;;;0,42;
16/11/2017;5;45;60;44;6,82;128;25;0,69;0,02;;1,5
17/11/2017;5;50;71;87;13,07;147;28;1,67;0,01;;0,25
18/11/2017;4;25;57;52;;95;24;;;;
19/11/2017;4;9;33;43;25,43;47;42;0,83;0,01;;0,18
20/11/2017;5;41;57;44;8,49;120;24;1,25;0,01;;0,31
21/11/2017;6;64;70;73;;167;16;;;;
22/11/2017;5;62;68;53;19,19;162;17;0,83;0,01;;0,44
23/11/2017;6;78;67;36;;186;15;;;0,3;
24/11/2017;6;63;65;41;;161;17;;;;
25/11/2017;4;19;35;20;10,72;64;29;0,28;0,01;;0,06
26/11/2017;3;15;28;22;;50;37;;;;
27/11/2017;4;31;49;36;16;97;25;0,56;0,01;;0,47
28/11/2017;4;39;53;21;;113;17;;;;
29/11/2017;3;31;50;19;;97;12;;;;
30/11/2017;4;27;42;;;83;25;;;;
01/12/2017;5;5;18;9;;25;47;;;0,08;
02/12/2017;;2;7;9;2,79;10;62;0,14;0,01;;0,03
03/12/2017;;7;21;9;;31;46;;;;
04/12/2017;8;45;44;29;;114;22;;;;
05/12/2017;9;49;38;39;3,49;113;19;0,7;0,01;;0,32
06/12/2017;7;20;29;34;;60;26;;;;
07/12/2017;7;40;42;46;10,72;103;19;0,83;0,01;;0,28
08/12/2017;4;21;29;28;;62;20;;;;
09/12/2017;3;10;18;31;;33;24;;;0,32;
10/12/2017;3;;;18;17,65;;53;0,28;0,01;;0,06
11/12/2017;3;2;6;11;9,89;8;58;0,14;0,01;;0,07
12/12/2017;4;20;24;19;;53;25;;;;
13/12/2017;5;13;16;14;;36;28;;;;
14/12/2017;3;2;3;13;7,39;5;45;0,14;0,01;;0,04
15/12/2017;3;7;11;11;9,75;22;41;0,14;0,01;;0,11
16/12/2017;4;11;16;10;;32;38;;;;
17/12/2017;5;20;21;13;;51;41;;;0,29;
18/12/2017;6;23;25;18;;60;23;;;0,32;
19/12/2017;4;29;32;47;;75;28;;;;
20/12/2017;6;33;31;;;81;15;;;;
21/12/2017;5;24;29;41;8,08;66;20;0,83;0,01;;0,28
22/12/2017;9;79;43;29;;163;14;;;;
23/12/2017;5;29;26;25;7,8;71;14;0,7;0,01;;0,1
24/12/2017;4;18;15;24;;42;22;;;;
25/12/2017;5;15;14;18;6,41;37;27;0,28;0,01;;0,24
26/12/2017;3;;;24;;;51;;;0,04;
27/12/2017;4;7;6;;;15;59;;;;
28/12/2017;5;17;17;;;41;39;;;;
29/12/2017;5;18;16;;;44;27;;;;
30/12/2017;3;7;3;;;11;43;;;;
31/12/2017;3;;;;;;45;;;;
01/01/2018;4;;;19;9,12;;68;0,28;0,01;;0,08
02/01/2018;4;7;6;;;15;50;;;;
03/01/2018;5;4;10;;;16;37;;;;
04/01/2018;5;3;9;;;13;41;;;;
05/01/2018;4;4;16;23;;21;43;;;;
06/01/2018;5;8;25;18;;37;28;;;0,1;
07/01/2018;5;6;18;12;6,61;27;44;0,14;0,01;;0,03
08/01/2018;6;22;36;28;5,22;70;21;0,42;0,01;;0,38
09/01/2018;4;6;19;15;;28;35;;;;
10/01/2018;3;5;16;12;;23;47;;;;
11/01/2018;4;5;18;12;4,87;26;53;0,01;0,01;;0,01
12/01/2018;5;9;28;15;;42;32;;;;
13/01/2018;5;8;27;22;6,67;39;30;0,28;0,01;;0,13
14/01/2018;5;12;21;;;40;45;;;;
15/01/2018;6;12;27;;;45;33;;;;
16/01/2018;4;3;14;14;5,56;19;46;0,28;0,01;;0,04
17/01/2018;5;26;35;27;;75;29;;;;
18/01/2018;6;23;40;36;21,67;75;26;0,42;0,01;;0,29
19/01/2018;6;39;44;40;;103;21;;;;
20/01/2018;4;6;17;16;4,58;25;44;0,14;0,01;;0,06
21/01/2018;4;3;12;11;;16;48;;;;
22/01/2018;5;12;25;21;10,42;44;27;0,28;0,01;;0,07
23/01/2018;8;32;35;;;83;21;;;;
24/01/2018;7;25;36;39;;73;22;;;;
25/01/2018;4;9;26;;;39;24;;;;
26/01/2018;4;11;26;;;43;29;;;;
27/01/2018;4;10;20;14;;34;39;;;;
28/01/2018;4;2;7;22;;10;55;;;;
29/01/2018;8;46;50;;;120;25;;;;
30/01/2018;9;58;60;34;;149;22;;;;
31/01/2018;6;34;58;;;110;29;;;;
01/02/2018;6;26;50;24;2,9;89;25;0,28;0,01;;0,36
02/02/2018;7;19;40;12;;69;43;;;;
03/02/2018;6;7;23;7;1,1;34;58;0,14;0,01;;0,04
04/02/2018;5;16;32;;;56;40;;;;
05/02/2018;5;19;45;14;4,99;74;30;0,56;0,01;;0,19
06/02/2018;6;19;41;7;;70;33;;;;
07/02/2018;6;22;44;11;;78;36;;;0,24;
08/02/2018;6;30;43;16;2,35;89;41;0,28;0,01;;0,33
09/02/2018;6;24;48;19;;84;43;;;;
10/02/2018;6;9;30;10;1,65;44;62;0,14;0,01;;0,01
11/02/2018;6;7;25;5;;35;50;;;;
12/02/2018;6;20;47;17;;78;33;;;;
13/02/2018;7;15;34;12;2,89;57;47;0,28;0,01;;0,13
14/02/2018;3;4;22;10;;28;49;;;;
15/02/2018;4;19;39;24;15,67;68;35;0,28;0,01;;0,11
16/02/2018;8;65;58;45;;156;19;;;0,19;
17/02/2018;5;26;44;34;5,39;84;22;0,69;0,01;;0,08
18/02/2018;3;10;26;13;;41;49;;;;
19/02/2018;5;31;43;;;90;29;;;;
20/02/2018;3;11;33;;;50;37;;;;
21/02/2018;3;12;37;;;56;39;;;;
22/02/2018;5;20;46;;;77;35;;;;
23/02/2018;6;26;52;;;91;38;;;;
24/02/2018;4;9;40;;;53;51;;;;
25/02/2018;3;7;37;;;47;52;;;;
26/02/2018;5;52;61;;;141;36;;;;
27/02/2018;3;8;33;;;46;47;;;;
28/02/2018;3;20;55;;;85;30;;;;
01/03/2018;3;;;37;;;23;;;;
02/03/2018;3;13;41;20;;61;38;;;;
03/03/2018;3;;;16;3,18;;55;0,14;0,01;;0,06
04/03/2018;3;;;15;;;50;;;0,04;
05/03/2018;3;;;7;;;65;;;0,04;
06/03/2018;5;;;8;;;68;;;;
07/03/2018;5;5;33;9;;41;51;;;;
08/03/2018;3;16;55;19;7,82;79;36;0,28;0,01;;0,14
09/03/2018;3;10;40;17;;55;46;;;;
10/03/2018;3;9;33;18;0,35;47;49;2,5;0,01;;0,14
11/03/2018;3;2;9;13;;12;82;;;;
12/03/2018;4;3;21;10;;26;71;;;;
13/03/2018;5;8;42;23;;54;49;;;0,04;
14/03/2018;3;26;62;30;8,64;101;30;0,42;0,01;;0,14
15/03/2018;3;3;22;13;4,75;27;75;0,14;0,01;;0,04
16/03/2018;3;4;24;9;;29;69;;;;
17/03/2018;3;3;15;12;4,19;19;73;0,14;0,01;;0,03
18/03/2018;3;3;24;10;;29;64;;;;
19/03/2018;3;3;22;15;5,03;26;64;0,28;0,01;;0,04
20/03/2018;3;7;24;10;;34;73;;;;
21/03/2018;4;14;49;8;;70;61;;;0,04;
22/03/2018;3;22;57;25;2,83;91;58;0,28;0,01;;0,14
23/03/2018;3;8;34;17;3,81;46;62;0,28;0,01;;0,04
24/03/2018;3;4;14;12;;19;79;;;;
25/03/2018;4;4;28;18;;34;65;;;;
26/03/2018;4;16;49;22;;73;50;;;;
27/03/2018;4;19;67;;;97;42;;;;
28/03/2018;3;10;41;;;57;45;;;;
29/03/2018;3;5;24;;;31;55;;;;
30/03/2018;3;2;10;27;;12;88;;;;
31/03/2018;3;2;14;;;17;87;;;;
01/04/2018;4;5;28;43;;36;72;;;;
02/04/2018;4;4;36;23;12,08;42;70;0,28;0,01;;0,04
03/04/2018;4;22;43;20;;78;51;;;;
04/04/2018;4;3;19;13;;23;76;;;;
05/04/2018;5;12;45;19;5,56;62;58;0,14;0,01;;0,04
06/04/2018;4;17;46;25;;72;60;;;0,04;
07/04/2018;3;4;28;27;0,04;35;69;2,08;0,01;;0,28
08/04/2018;4;2;15;7;;18;71;;;;
09/04/2018;3;2;14;10;;17;86;;;;
10/04/2018;5;7;36;11;2,08;47;68;0,14;0,01;;0,01
11/04/2018;3;3;19;8;;24;84;;;;
12/04/2018;3;3;21;10;2,51;25;79;0,28;0,01;;0,03
13/04/2018;4;7;37;21;;47;76;;;;
14/04/2018;4;7;39;25;;50;66;;;0,04;
15/04/2018;3;4;24;17;2,1;30;64;0,14;0,01;;0,03
16/04/2018;5;5;33;12;4,04;41;69;0,14;0,01;;0,03
17/04/2018;5;12;52;20;;69;54;;;;
18/04/2018;5;31;68;29;;116;55;;;;
19/04/2018;4;16;46;38;18,06;70;78;0,56;0,01;;0,08
20/04/2018;4;8;41;38;12,36;54;84;0,69;0,01;;0,1
21/04/2018;4;13;61;38;;81;53;;;;
22/04/2018;4;8;55;33;;67;54;;;0,04;
23/04/2018;4;19;63;;;92;51;;;;
24/04/2018;5;22;73;50;;106;53;;;;
25/04/2018;5;22;70;;;104;59;;;;
26/04/2018;4;20;52;;;82;49;;;;
27/04/2018;5;28;61;64;;104;47;;;;
28/04/2018;3;6;32;;;40;74;;;;
29/04/2018;4;2;14;14;;17;82;;;;
30/04/2018;4;4;24;;;30;78;;;;
01/05/2018;6;4;23;9;;29;83;;;0,04;
02/05/2018;3;16;67;;;90;45;22;;;
03/05/2018;4;9;40;12;2,39;54;56;0,14;0,01;;0,06
04/05/2018;6;10;47;21;;62;57;;;;
05/05/2018;5;10;48;22;5,86;64;53;0,42;0,01;;0,07
06/05/2018;4;5;38;29;;46;69;;;;
07/05/2018;5;23;55;34;;90;56;;;;
08/05/2018;5;22;73;39;6,94;106;45;0,56;0,01;;0,18
09/05/2018;5;20;52;;;83;56;;;;
10/05/2018;6;10;48;28;8,89;63;61;0,42;0,01;;0,1
11/05/2018;4;12;42;34;;60;57;;;;
12/05/2018;3;5;28;30;5,69;35;69;0,42;0,01;;0,14
13/05/2018;4;3;18;19;;23;88;;;;
14/05/2018;5;8;40;;;53;61;;;;
15/05/2018;5;9;35;;;49;73;;;;
16/05/2018;6;19;52;;;80;56;;;;
17/05/2018;5;12;54;;;72;65;;;;
18/05/2018;4;12;50;;;67;77;;;;
19/05/2018;5;5;40;;;48;78;;;;
20/05/2018;4;4;32;;;38;86;;;;
21/05/2018;4;11;53;;;70;72;;;;
22/05/2018;4;13;64;;;84;61;;;;
23/05/2018;4;8;39;;;51;79;;;;
24/05/2018;4;8;26;;;38;80;;;;
25/05/2018;3;6;21;;;31;79;;;;
26/05/2018;3;4;12;;;18;77;;;;
27/05/2018;3;7;16;;;26;58;;;;
28/05/2018;3;7;24;;;34;55;;;;
29/05/2018;4;9;26;;;40;54;;;;
30/05/2018;4;8;32;;;44;61;;;;
31/05/2018;4;12;29;;;46;61;;;;
01/06/2018;3;8;23;22;;36;69;;;;
02/06/2018;4;4;15;20;;22;65;;;0,04;
03/06/2018;3;3;6;;;9;77;;;;
04/06/2018;4;7;10;9;;20;55;;;;
05/06/2018;4;;;;;;66;;;;
08/06/2018;4;16;41;;;66;58;;;;
09/06/2018;4;8;33;;;46;64;;;;
10/06/2018;4;6;20;;;29;63;;;;
11/06/2018;3;6;16;;;25;60;;;;
12/06/2018;4;10;28;;;43;64;;;;
13/06/2018;4;8;26;;;38;81;;;;
14/06/2018;4;9;32;;;47;63;;;;
15/06/2018;5;15;38;;;61;57;;;;
16/06/2018;4;13;27;;;46;68;;;;
17/06/2018;4;8;21;;;33;61;;;;
18/06/2018;6;17;37;;;63;45;;;;
19/06/2018;5;18;27;;;54;48;;;;
20/06/2018;5;16;32;;;56;49;;;;
21/06/2018;5;12;33;;;52;57;;;;
22/06/2018;3;14;35;;;56;64;;;;
23/06/2018;3;6;10;;;18;80;;;;
24/06/2018;4;5;10;;;18;76;;;;
25/06/2018;3;11;20;;;36;63;;;;
26/06/2018;3;9;17;;;31;72;;;;
27/06/2018;4;9;19;;;31;71;;;;
28/06/2018;4;10;20;;;35;64;;;;
29/06/2018;3;;;;;;73;;;;
30/06/2018;3;;;;;;74;;;;
01/07/2018;3;;;;;;65;;;;
02/07/2018;3;;;;;;55;;;;
03/07/2018;3;17;34;;;60;56;;;;
04/07/2018;4;7;29;;;38;62;;;;
05/07/2018;4;9;37;;;51;53;;;;
06/07/2018;3;12;29;;;48;54;;;;
07/07/2018;3;5;14;;;21;61;;;;
08/07/2018;4;4;19;;;25;44;;;;
09/07/2018;4;13;36;;;55;51;;;;
10/07/2018;4;12;34;;;51;56;;;;
11/07/2018;3;9;28;;;42;50;;;;
12/07/2018;3;7;22;;;33;51;;;;
13/07/2018;3;6;21;;;30;45;;;;
14/07/2018;3;5;18;;;25;43;;;;
15/07/2018;3;6;19;;;28;32;;;;
16/07/2018;4;5;23;;;30;53;;;;
17/07/2018;4;11;30;;;47;51;;;;
18/07/2018;3;8;28;;;40;64;;;;
19/07/2018;3;10;30;;;44;69;;;;
20/07/2018;3;8;28;;;40;66;;;;
21/07/2018;3;5;15;;;22;60;;;;
22/07/2018;3;4;11;;;17;75;;;;
23/07/2018;3;8;25;;;37;65;;;;
24/07/2018;3;10;23;;;38;62;;;;
25/07/2018;3;7;19;;;30;62;;;;
26/07/2018;3;7;22;;;32;68;;;;
27/07/2018;3;9;26;;;39;57;;;;
28/07/2018;3;6;20;;;29;69;;;;
29/07/2018;3;3;8;;;13;75;;;;
30/07/2018;3;15;33;;;56;47;;;;
31/07/2018;3;12;28;;;46;44;;;;
01/08/2018;3;17;33;;;60;43;;;;
02/08/2018;4;22;48;;;83;41;;;;
03/08/2018;4;14;38;;;59;52;;;;
04/08/2018;3;5;35;;;42;55;;;;
05/08/2018;4;4;20;;;26;98;;;;
06/08/2018;4;11;39;;;57;79;;;;
07/08/2018;4;8;30;;;41;72;;;;
08/08/2018;4;8;30;;;43;46;;;;
09/08/2018;3;9;20;;;34;47;;;;
10/08/2018;3;5;10;;;18;60;;;;
11/08/2018;3;4;12;;;18;57;;;;
12/08/2018;3;5;11;;;19;46;;;;
13/08/2018;3;6;19;;;27;61;;;;
14/08/2018;3;6;15;;;24;45;;;;
15/08/2018;3;3;8;;;13;45;;;;
16/08/2018;3;7;38;;;50;41;;;;
17/08/2018;3;5;23;;;31;73;;;;
18/08/2018;3;4;16;;;22;59;;;;
19/08/2018;3;3;20;;;25;57;;;;
20/08/2018;3;9;34;;;48;70;;;;
21/08/2018;4;14;45;;;66;76;;;;
22/08/2018;3;8;44;;;56;85;;;;
23/08/2018;3;11;46;;;63;71;;;;
24/08/2018;3;11;38;;;54;69;;;;
25/08/2018;3;6;24;;;32;62;;;;
26/08/2018;3;4;16;;;23;72;;;;
27/08/2018;3;6;23;;;31;50;;;;
28/08/2018;3;6;24;;;32;52;;;;
29/08/2018;3;8;23;;;35;48;;;;
30/08/2018;3;8;23;;;35;49;;;;
31/08/2018;3;7;23;;;34;57;;;;
01/09/2018;3;;;;;;62;;;;
02/09/2018;3;;;;;;64;;;;
03/09/2018;3;;;;;;45;;;;
04/09/2018;3;;;;;;54;;;;
05/09/2018;3;11;39;;;56;43;;;;
06/09/2018;3;9;33;;;46;48;;;;
07/09/2018;3;;;;;;58;;;;
08/09/2018;3;;;;;;44;;;;
09/09/2018;3;;;;;;51;;;;
10/09/2018;3;;;;;;54;;;;
11/09/2018;3;;;;;;43;;;;
12/09/2018;3;17;42;;;68;61;;;;
13/09/2018;3;18;45;;;73;58;;;;
14/09/2018;4;19;48;;;76;60;;;;
15/09/2018;3;7;44;;;55;65;;;;
16/09/2018;3;7;34;;;45;59;;;;
17/09/2018;3;19;50;;;79;46;;;;
18/09/2018;3;23;50;;;85;48;;;;
19/09/2018;3;13;50;;;71;45;;;;
20/09/2018;3;27;54;;;96;42;;;;
21/09/2018;3;27;66;;;108;51;;;;
22/09/2018;3;14;50;;;71;63;;;;
23/09/2018;3;9;47;;;61;63;;;;
24/09/2018;3;25;49;;;88;39;;;;
26/09/2018;4;8;24;;;36;78;;;;
27/09/2018;3;10;33;;;49;;;;;
28/09/2018;4;26;55;;;95;;;;;
29/09/2018;4;12;47;;;65;;;;;
30/09/2018;4;10;35;;;50;;;;;
01/10/2018;4;26;47;;;86;;;;;
02/10/2018;5;18;53;;;80;;;;;
03/10/2018;6;31;63;;;111;;;;;
04/10/2018;6;23;57;;;93;;;;;
05/10/2018;5;15;53;;;76;;;;;
06/10/2018;4;9;40;;;54;;;;;
07/10/2018;4;8;20;;;32;;;;;
08/10/2018;4;13;30;;;51;;;;;
09/10/2018;5;6;24;;;33;;;;;
10/10/2018;4;27;53;;;94;;;;;
11/10/2018;4;43;54;;;120;;;;;
12/10/2018;4;16;35;;;60;38;;;;
13/10/2018;3;8;27;;;39;45;;;;
14/10/2018;4;7;18;;;29;45;;;;
15/10/2018;4;8;28;;;40;44;;;;
16/10/2018;4;22;37;;;71;44;;;;
17/10/2018;5;18;49;;;76;39;;;;
18/10/2018;3;24;53;;;88;19;;;;
19/10/2018;4;16;48;;;73;33;;;;
20/10/2018;4;6;23;;;33;63;;;;
21/10/2018;6;10;34;;;50;63;;;;
22/10/2018;4;37;47;;;103;39;;;;
23/10/2018;5;33;64;;;114;28;;;;
24/10/2018;5;47;59;;;131;27;;;;
25/10/2018;7;74;75;;;189;18;;;;
26/10/2018;7;65;82;;;182;16;;;;
27/10/2018;3;13;33;;;52;34;;;;
28/10/2018;4;8;14;;;26;48;;;;
29/10/2018;5;9;25;;;38;49;;;;
30/10/2018;4;20;47;;;77;33;;;;
31/10/2018;4;7;21;;;33;46;;;;
01/11/2018;5;30;48;;;93;27;;;;
02/11/2018;5;63;55;;;151;15;;;;
03/11/2018;5;33;44;;;95;31;;;;
04/11/2018;6;30;45;;;90;30;;;;
05/11/2018;5;50;44;;;120;25;;;;
06/11/2018;4;5;12;;;19;64;;;;
07/11/2018;5;7;20;;;31;52;;;;
08/11/2018;4;28;45;;;88;26;;;;
09/11/2018;3;7;22;;;32;52;;;;
10/11/2018;4;5;11;;;18;58;;;;
11/11/2018;4;10;26;;;41;48;;;;
12/11/2018;4;33;43;;;93;24;;;;
13/11/2018;4;;;;;;28;;;;
14/11/2018;4;;;;;;40;;;;
16/11/2018;3;34;67;;;120;26;;;;
17/11/2018;4;16;47;24;;71;40;;;;
18/11/2018;4;11;37;;;53;52;;;;
19/11/2018;4;22;45;;;78;45;;;;
20/11/2018;4;9;26;10;;40;38;;;;
21/11/2018;4;39;44;;;105;37;;;;
22/11/2018;6;73;64;;;175;15;;;;
23/11/2018;5;33;40;20;;90;20;;;;
24/11/2018;4;12;30;;;49;36;;;;
25/11/2018;4;6;8;7;;17;65;;;;
26/11/2018;4;11;22;;;38;58;;;;
27/11/2018;5;13;37;;;57;35;;;;
28/11/2018;7;64;62;;;160;23;;;;
29/11/2018;7;85;68;;;199;18;;;;
30/11/2018;5;11;38;;;55;41;;;;
01/12/2018;5;15;38;15;1,79;61;35;0,42;0,01;;0,06
02/12/2018;5;17;39;19;;65;31;;;;
03/12/2018;7;60;54;32;;146;25;;;;
04/12/2018;7;67;57;33;5,54;159;14;0,69;0,01;;0,33
05/12/2018;8;109;55;49;;221;14;;;;
06/12/2018;5;53;45;35;3,18;127;15;0,83;0,01;;0,22
07/12/2018;6;54;43;35;;126;17;;;;
08/12/2018;5;32;36;;;85;22;;;;
09/12/2018;5;18;31;15;1,51;58;22;0,28;0,01;;0,07
10/12/2018;7;50;48;33;2,62;125;25;0,56;0,01;;0,39
11/12/2018;7;54;47;41;;130;14;;;;
12/12/2018;4;15;25;27;;48;26;;;;
13/12/2018;4;6;21;;;30;45;;;;
14/12/2018;4;6;22;13;;31;51;;;;
15/12/2018;4;3;11;11;;16;48;;;;
16/12/2018;4;2;4;;;6;60;;;;
17/12/2018;5;39;40;;;98;33;;;;
18/12/2018;5;40;46;26;;106;16;;;;
19/12/2018;5;9;26;;;40;40;;;;
20/12/2018;4;15;31;;;54;26;;;;
21/12/2018;4;13;25;10;;45;25;;;;
22/12/2018;4;6;16;;;24;28;;;;
23/12/2018;5;17;20;16;;46;21;;;;
24/12/2018;7;54;40;;;122;13;;;;
25/12/2018;5;13;18;;;37;18;;;;
26/12/2018;4;27;40;28;;81;15;;;;
27/12/2018;5;64;61;;;160;13;;;;
28/12/2018;4;24;50;25;;86;12;;;;
29/12/2018;4;28;44;;;86;13;;;;
30/12/2018;4;29;43;24;;86;13;;;;
31/12/2018;4;35;56;;;110;13;;;;
01/01/2019;4;27;48;22;2,04;88;14;0,28;0,01;;0,08
02/01/2019;6;69;63;;;168;11;;;;
03/01/2019;6;60;62;30;3,06;153;10;0,42;0,01;;0,24
04/01/2019;5;53;61;30;;142;10;;;;
05/01/2019;6;29;41;27;2,36;85;14;0,28;0,01;;0,07
06/01/2019;6;37;50;;;107;13;;;;
07/01/2019;8;84;72;35;4,17;200;11;0,83;0,01;;0,5
08/01/2019;6;67;65;41;;168;15;;;;
09/01/2019;6;40;39;31;2,92;100;31;0,42;0,01;;0,28
10/01/2019;5;29;55;;;99;28;;;;
11/01/2019;8;79;74;41;1,95;195;21;0,56;0,01;;0,43
12/01/2019;5;31;60;30;;107;21;;;;
13/01/2019;5;31;47;25;1,81;95;22;0,28;0,01;;0,17
14/01/2019;5;58;63;32;;152;17;;;;
15/01/2019;6;81;72;42;5,65;196;15;0,56;0,01;;2,57
16/01/2019;6;94;75;47;;219;16;;;;
17/01/2019;5;86;73;52;3,01;205;13;0,83;0,01;;0,31
18/01/2019;4;36;59;;;114;17;;;;
19/01/2019;4;6;35;17;1,07;44;26;0,28;0,01;;0,38
20/01/2019;4;21;40;18;;72;20;;;;
21/01/2019;4;21;45;10;1,31;77;;0,14;0,01;;0,25
22/01/2019;4;8;29;9;;41;;;;;
23/01/2019;4;4;18;10;1,44;25;;0,14;0,01;;0,03
24/01/2019;4;6;17;9;;26;;;;;
25/01/2019;5;7;27;5;0,75;39;;0,14;0,01;;0,11
26/01/2019;5;21;45;;;76;;;;;
27/01/2019;5;4;16;8;1,03;22;;0,14;0,01;;0,03
28/01/2019;4;8;30;;;42;;;;;
29/01/2019;4;9;26;;;39;;;;;
30/01/2019;4;12;26;;;44;63;;;;
31/01/2019;4;3;10;;;13;62;;;;
01/02/2019;4;2;7;;;10;76;;;;
02/02/2019;4;2;7;;;10;78;;;;
03/02/2019;5;2;4;;;8;75;;;;
04/02/2019;6;39;62;;;121;41;;;;
05/02/2019;5;59;69;;;159;32;;;;
06/02/2019;5;48;66;;;139;30;;;;
07/02/2019;5;55;64;;;147;31;;;;
08/02/2019;5;35;66;;;119;31;;;;
09/02/2019;3;24;54;;;90;34;;;;
10/02/2019;3;3;15;;;20;49;;;;
11/02/2019;5;40;51;;;112;39;;;;
12/02/2019;4;32;61;;;110;31;;;;
13/02/2019;5;59;74;52;;164;29;;;;
14/02/2019;5;39;69;26;2,64;128;27;0,28;0,01;;0,1
15/02/2019;4;21;65;32;;98;25;;;;
16/02/2019;4;15;52;31;4,86;76;32;0,28;0,01;;0,11
17/02/2019;4;5;27;18;;35;43;;;;
18/02/2019;4;28;66;38;9,1;109;32;0,42;0,02;;0,33
19/02/2019;4;26;63;;;103;29;;;;
20/02/2019;5;28;69;39;5,06;113;29;0,42;0,01;;0,31
21/02/2019;4;28;66;41;;109;28;;;;
22/02/2019;5;50;84;64;6,31;161;;0,7;0,01;;0,36
23/02/2019;6;25;63;57;;101;;;;;
24/02/2019;4;9;47;42;3,53;62;;0,42;0,01;;0,1
25/02/2019;4;29;66;48;;109;;;;;
26/02/2019;6;38;81;44;3,97;139;;0,69;0,01;;0,9
27/02/2019;7;58;101;;;190;;;;;
28/02/2019;6;43;86;53;4,67;152;;0,56;0,01;;0,35
01/03/2019;7;29;76;44;;120;;;;;
02/03/2019;5;16;57;41;3,97;81;;0,83;0,01;;0,24
03/03/2019;5;10;42;49;;58;;;;;
04/03/2019;4;2;13;58;7,31;17;;0,56;0,01;;0,06
05/03/2019;5;8;33;48;;44;;;;;
06/03/2019;5;20;46;42;3,14;76;;0,42;0,01;;0,71
07/03/2019;5;4;21;;;26;45;;;;
08/03/2019;6;14;55;36;4,11;77;37;0,56;0,01;;0,18
09/03/2019;6;10;50;45;3,56;65;40;1,11;0,01;;0,11
10/03/2019;5;9;46;39;4,81;60;33;0,56;0,03;;0,13
11/03/2019;6;19;62;;;91;28;;;;
12/03/2019;6;16;58;39;;82;33;;;;
13/03/2019;5;18;56;32;3,06;83;38;0,42;0,01;;0,26
14/03/2019;5;9;44;34;2,5;58;40;0,42;0,01;;0,25
15/03/2019;6;21;70;;;101;31;;;;
16/03/2019;7;14;46;51;;67;;;;;
17/03/2019;5;10;26;36;4,44;41;;0,42;0,01;;0,06
18/03/2019;5;5;22;31;2,6;29;;0,28;0,01;;0,07
19/03/2019;4;3;13;27;1,49;17;;0,28;0,01;;0,07
20/03/2019;5;6;22;21;;31;;;;;
21/03/2019;;;;29;1,49;;;0,28;0,01;;0,39
22/03/2019;4;10;53;37;2,04;68;51;0,42;0,01;;1,88
23/03/2019;5;6;44;;;53;50;;;;
24/03/2019;5;7;36;35;;47;47;;;;
25/03/2019;7;13;51;;;71;51;;;;
26/03/2019;6;8;26;50;7,55;38;66;0,56;0,01;;0,15
27/03/2019;5;7;32;34;;43;61;;;;
28/03/2019;5;10;36;35;4,49;50;59;0,56;0,01;;0,25
29/03/2019;5;5;23;30;;31;71;;;;
30/03/2019;4;3;13;28;4,9;18;76;0,42;0,01;;0,08
31/03/2019;4;2;7;;;11;74;;;;
01/04/2019;4;5;21;27;2,32;29;67;0,42;0,01;;0,17
02/04/2019;3;13;32;36;;51;32;;;;
03/04/2019;4;12;22;10;1,62;40;61;0,28;0,01;;0,1
04/04/2019;4;4;16;24;;23;63;;;;
05/04/2019;4;11;21;26;1,35;38;53;0,42;0,01;;4,31
06/04/2019;4;2;3;9;;5;74;;;;
07/04/2019;4;2;3;9;0,51;5;76;0;0;;0,01
08/04/2019;4;2;5;;;8;59;;;;
09/04/2019;4;2;6;15;1,21;8;66;0,14;0,01;;0,04
10/04/2019;4;4;10;18;;16;59;;;;
11/04/2019;5;5;18;27;3,71;25;56;0,28;0,01;;0,11
12/04/2019;4;5;17;31;;24;59;;;;
13/04/2019;5;5;18;34;4,12;25;60;0,42;0,01;;0,11
14/04/2019;5;;;28;;;70;;;;
15/04/2019;5;4;14;30;3,83;20;73;0,42;0,01;;0,07
16/04/2019;5;7;34;;;45;63;;;;
17/04/2019;4;5;27;24;3;35;76;0,28;0,01;;0,07
18/04/2019;3;3;19;21;;24;86;;;;
19/04/2019;3;2;12;19;1,47;14;90;0,14;0,01;;0,04
20/04/2019;3;2;10;30;;12;103;;;;
21/04/2019;3;2;5;24;1,47;7;95;0,42;0,01;;0,07
22/04/2019;3;4;20;23;;25;54;;;;
23/04/2019;4;11;24;24;1,47;40;63;0,56;0,01;;0,13
24/04/2019;4;3;13;;;18;96;;;;
25/04/2019;3;4;19;17;1,06;26;76;0,14;0,01;;0,03
26/04/2019;;5;25;20;;32;66;;;;
27/04/2019;;5;31;22;4,67;38;60;0,28;0,01;;0,1
28/04/2019;4;4;22;22;;27;63;;;;
29/04/2019;4;5;21;24;3;27;59;0,28;0,01;;0,04
30/04/2019;4;9;27;32;;40;47;;;;
01/05/2019;4;2;11;24;2,86;15;50;0,14;0,01;;0,04
02/05/2019;4;7;26;;;36;40;;;;
03/05/2019;4;10;28;26;2,17;43;29;0,42;0,01;;0,06
04/05/2019;4;4;16;22;;21;;;;;
05/05/2019;5;3;10;24;2,31;14;;0,14;0,01;;0,04
06/05/2019;5;7;17;29;;27;;;;;
07/05/2019;4;11;22;41;6,61;39;55;0,42;0,01;;0,39
08/05/2019;3;3;5;27;;9;48;;;;
09/05/2019;4;;;18;1,33;;52;0,14;0,01;;0,03
10/05/2019;6;;;;;;43;;;;
11/05/2019;5;;;22;5,78;;52;0,28;0,01;;0,03
12/05/2019;4;;;24;;;;;;;
13/05/2019;6;;;23;3,08;;56;0,28;0,01;;0,04
14/05/2019;5;;;;;;67;;;;
15/05/2019;4;;;32;2,81;;68;0,42;0,01;;0,06
16/05/2019;6;;;27;;;;;;;
17/05/2019;4;3;15;22;1,69;19;;0,14;0,01;;0
18/05/2019;5;4;23;;;30;52;;;;
19/05/2019;4;4;20;18;2,94;26;;0,14;0,01;;0
20/05/2019;4;5;19;20;;27;;;;;
21/05/2019;4;5;18;22;2,9;26;73;0,28;0,01;;0,1
22/05/2019;4;;;23;;;75;;;;
23/05/2019;4;;;31;4,71;;78;0,42;0,01;;0,19
24/05/2019;4;;;25;;;78;;;;
25/05/2019;4;;;;;;72;;;;
26/05/2019;4;;;;;;68;;;;
27/05/2019;5;;;25;3,69;;64;0,28;0,01;;0,11
28/05/2019;5;;;24;;;51;;;;
29/05/2019;4;;;21;1,75;;64;0,14;0,01;;0,08
30/05/2019;5;13;42;27;;61;57;;;;
31/05/2019;5;16;51;26;2,31;75;58;0,28;0,01;;0,15
01/06/2019;5;7;33;18;;44;76;;;;
02/06/2019;4;6;26;16;3,83;35;90;0,14;0,01;;0,03
03/06/2019;4;9;34;;;48;91;;;;
04/06/2019;3;11;33;24;3,68;50;79;0,28;0,01;;0,03
05/06/2019;4;7;21;40;;32;85;;;;
06/06/2019;6;8;25;30;3,96;38;75;0,28;0,01;;0,09
07/06/2019;4;5;17;28;;25;86;;;;
08/06/2019;6;3;11;38;2,71;17;91;0,28;0,01;;0,03
09/06/2019;5;4;19;31;;26;85;;;;
10/06/2019;4;16;39;38;8,19;64;81;0,28;0,01;;0,1
11/06/2019;4;8;27;;;39;73;;;;
12/06/2019;4;10;28;22;2,92;44;61;0,14;0,01;;0,06
13/06/2019;6;7;22;26;;33;72;;;;
14/06/2019;4;9;37;38;3,89;51;63;0,28;0,01;;0,08
15/06/2019;5;4;14;33;;21;89;;;;
16/06/2019;4;3;13;26;4,44;18;77;0,28;0,01;;0,04
17/06/2019;3;10;29;36;;44;61;;;;
18/06/2019;4;11;32;34;6,11;49;63;0,28;0,01;;0,18
19/06/2019;6;12;41;;;60;62;;;;
20/06/2019;4;5;18;33;10;25;72;0,28;0,01;;0,08
21/06/2019;4;5;19;26;;25;74;;;;
22/06/2019;4;3;21;23;5;26;66;0,14;0,01;;0,13
23/06/2019;4;3;19;25;;24;66;;;;
24/06/2019;3;4;12;27;4,72;18;74;0,14;0,01;;0,03
25/06/2019;4;9;24;42;;37;60;;;;
26/06/2019;5;4;17;38;4,64;23;76;0,28;0,01;;0,07
27/06/2019;;10;52;;;67;57;;;;
28/06/2019;;13;56;40;3,95;75;53;0,56;0,01;;0,14
29/06/2019;;7;41;34;;51;66;;;;
30/06/2019;;6;33;32;6,87;43;66;0,28;0,01;;0,06
01/07/2019;;8;25;38;;37;69;;;;
02/07/2019;;5;22;;;31;69;;;;
03/07/2019;;8;42;51;;55;60;;;;
04/07/2019;;8;41;33;5,62;53;60;0,28;0,01;;0,07
05/07/2019;;8;33;33;;45;59;;;0,04;
06/07/2019;;5;25;49;6,87;33;52;0,42;0,01;;0,08
07/07/2019;;5;21;49;;28;54;;;;
08/07/2019;;10;32;51;4,64;47;42;0,69;0,01;;0,13
09/07/2019;;5;25;33;;33;59;;;;
10/07/2019;;7;28;26;4,51;38;63;0,42;0,01;;0,08
11/07/2019;;6;25;;;34;64;;;;
12/07/2019;4;9;23;38;6,12;36;67;0,56;0,01;;0,1
13/07/2019;4;4;7;24;;12;75;;;0,04;
14/07/2019;4;;;19;5,15;;70;0,28;0,01;;0,03
15/07/2019;4;;;26;;;61;;;;
16/07/2019;5;5;18;24;4,62;26;75;0,42;0,01;;0,06
17/07/2019;5;6;25;24;;34;76;;;0,04;
18/07/2019;5;7;28;21;4,91;39;68;0,28;0,01;;0,04
19/07/2019;5;7;29;22;;40;67;;;;
20/07/2019;4;4;15;21;4,08;20;81;0,14;0,01;;0,03
21/07/2019;4;4;13;22;;19;71;;;0,04;
22/07/2019;5;11;47;27;6,57;63;51;0,42;0,01;;0,11
23/07/2019;6;15;55;32;;78;45;;;;
24/07/2019;5;17;53;42;12,18;78;54;0,83;0,01;;0,11
25/07/2019;4;8;35;30;;47;66;;;;
26/07/2019;4;8;33;33;8,05;45;59;0,42;0,01;;0,43
27/07/2019;3;4;16;36;;23;60;;;;
28/07/2019;3;4;8;12;1,65;14;62;0;0,01;;0
29/07/2019;3;9;26;;;40;55;;;;
30/07/2019;3;6;16;26;5,68;24;60;0,28;0,01;;0,04
31/07/2019;3;6;16;26;;25;61;;;;
01/08/2019;3;7;26;27;5,51;36;58;0,14;0,01;;0,03
02/08/2019;4;12;33;27;;50;66;;;;
03/08/2019;3;5;21;26;6,21;29;75;0,28;0,01;;0,5
04/08/2019;3;5;14;25;;21;78;;;;
05/08/2019;3;7;21;33;4,33;32;75;0,28;0,01;;0,04
06/08/2019;3;6;18;;;27;71;;;;
07/08/2019;3;8;29;48;10,43;41;60;0,56;0,01;;0,1
08/08/2019;3;8;31;39;;44;56;;;;
09/08/2019;4;12;33;37;3,21;51;41;0,42;0,01;;0,06
10/08/2019;3;6;20;32;;29;60;;;;
11/08/2019;3;4;10;28;5,99;17;66;0,28;0,01;;0,04
12/08/2019;3;7;19;29;;29;59;;;;
13/08/2019;3;5;18;26;2,82;26;62;0,14;0,01;;0,03
14/08/2019;3;7;21;;;31;62;;;;
15/08/2019;3;5;12;26;5,32;19;64;0,14;0,01;;0,01
16/08/2019;3;5;11;21;;18;66;;;;
17/08/2019;3;5;12;18;2,4;19;57;0,14;0,01;;0,11
18/08/2019;3;4;9;24;;15;59;;;;
19/08/2019;3;5;12;26;3,21;20;61;0,28;0,01;;0,03
20/08/2019;3;4;11;40;;17;69;;;;
21/08/2019;3;5;19;23;2,51;26;64;0,28;0,01;;0,07
22/08/2019;4;7;24;;;34;57;;;;
23/08/2019;4;8;33;25;3,21;46;58;0,28;0,01;;0,06
24/08/2019;4;6;31;25;;40;55;;;;
25/08/2019;3;5;15;24;4,32;22;62;0,28;0,01;;0,06
26/08/2019;3;6;22;27;;31;68;;;;
27/08/2019;4;6;25;19;1,36;34;58;0,28;0,01;;0,03
28/08/2019;4;11;35;21;;51;52;;;;
29/08/2019;4;14;39;27;4,28;60;53;0,97;0,01;;0,04
30/08/2019;4;13;43;;;62;48;;;;
31/08/2019;4;8;36;30;2,75;48;54;0,42;0,01;;0,06
01/09/2019;3;5;21;27;;29;74;;;;
02/09/2019;3;6;24;18;1,22;34;70;0,14;0,01;;0,14
03/09/2019;3;7;26;94;;36;56;;;;
04/09/2019;3;10;27;22;3,82;42;56;0,28;0,01;;0,22
05/09/2019;4;7;24;22;;35;59;;;;
06/09/2019;4;6;20;23;3,82;30;55;0,14;0,01;;0,03
08/09/2019;;;;25;1,46;;;0,42;0,01;;0,06
09/09/2019;3;10;35;30;;50;60;;;;
10/09/2019;4;6;19;23;3,4;29;50;0,28;0,01;;0,04
11/09/2019;4;7;24;16;;34;56;;;;
12/09/2019;4;6;23;32;2,57;32;78;0,42;0,01;;0,07
13/09/2019;5;5;20;26;;28;80;;;;
14/09/2019;4;4;16;28;2,57;22;77;0,28;0,01;;0,08
15/09/2019;4;4;9;;;15;90;;;;
16/09/2019;4;7;29;;;40;64;;;;
17/09/2019;5;19;52;;;81;37;;;;
18/09/2019;5;22;60;;;93;39;;;;
19/09/2019;5;16;42;;;66;52;;;;
20/09/2019;4;9;32;;;45;68;;;;
21/09/2019;4;5;19;;;27;72;;;;
22/09/2019;4;4;12;;;19;46;;;;
23/09/2019;5;10;35;;;50;42;;;;
24/09/2019;4;13;30;;;50;50;;;;
25/09/2019;4;9;29;;;42;48;;;;
26/09/2019;5;10;31;;;47;48;;;;
27/09/2019;5;12;38;;;56;45;;;;
28/09/2019;5;8;28;;;40;48;;;;
29/09/2019;5;7;29;;;40;43;;;;
30/09/2019;7;23;48;;;84;51;;;;
01/10/2019;5;16;46;;;71;43;;;;
02/10/2019;5;10;36;22;2,07;52;44;0,28;0,01;;0,08
03/10/2019;5;11;40;22;;57;43;;;;
04/10/2019;5;14;45;26;4,16;66;49;0,42;0,01;;0,21
05/10/2019;5;8;35;20;;47;43;;;;
06/10/2019;5;6;24;20;4,29;33;52;0,83;0,01;;0,11
07/10/2019;5;15;47;;;69;33;;;;
08/10/2019;5;15;45;29;3,18;68;41;0,56;0,01;;0,25
09/10/2019;5;10;28;;;43;51;;;;
10/10/2019;5;7;25;16;2,49;36;47;0,28;0,01;;0,03
11/10/2019;5;10;29;25;;44;46;;;;
12/10/2019;5;7;28;20;1,65;40;41;0,42;0,01;;0,07
13/10/2019;5;5;20;;;28;52;;;;
14/10/2019;6;7;30;26;2,35;41;47;0,42;0,01;;0,1
15/10/2019;5;5;17;12;;24;52;;;;
16/10/2019;8;15;43;24;0,96;67;39;0,28;0,01;;0,06
17/10/2019;5;9;43;;;57;43;;;;
18/10/2019;5;8;33;26;1,79;46;33;0,42;0,01;;0,04
19/10/2019;4;6;26;27;;35;49;;;;
20/10/2019;5;4;15;8;1,24;21;45;0,42;0,01;;0,04
21/10/2019;6;11;32;13;;48;40;;;;
22/10/2019;6;10;38;6;0,54;54;30;0,28;0,01;;0,07
23/10/2019;6;6;15;4;;23;47;;;;
24/10/2019;5;12;37;14;2,35;56;33;0,28;0,01;;0,09
25/10/2019;5;17;50;;;76;33;;;;
26/10/2019;6;14;49;25;3,6;69;30;0,56;0,01;;0,07
27/10/2019;5;7;31;24;;42;39;;;;
28/10/2019;7;32;72;35;3,46;120;17;0,56;0,01;;0,24
29/10/2019;8;45;87;49;;156;19;;;;
30/10/2019;6;32;77;44;4,15;126;22;1,25;0,01;;0,42
31/10/2019;5;24;65;25;;101;20;;;;
01/11/2019;4;10;26;14;1,37;41;29;0,28;0,01;;0,04
02/11/2019;3;4;4;;;9;53;;;;
03/11/2019;3;3;4;21;6,1;8;75;0,14;0,01;;0,03
04/11/2019;3;4;7;18;;13;64;;;;
05/11/2019;4;5;16;12;3,4;23;57;0,14;0,01;;0,03
06/11/2019;5;14;38;19;;59;36;;;;
07/11/2019;4;4;17;17;2,85;23;47;0,14;0,01;;0,03
08/11/2019;5;4;17;10;;24;52;;;;
09/11/2019;4;3;7;11;1,46;12;58;0,14;0,01;;0,03
10/11/2019;4;4;7;;;12;65;;;;
11/11/2019;4;5;19;;;26;52;;;;
12/11/2019;4;6;25;14;;34;57;;;;
13/11/2019;5;6;38;;;48;30;;;;
14/11/2019;5;;;11;;;53;;;;
15/11/2019;6;;;;;;41;;;;
16/11/2019;6;;;13;;;39;;;;
17/11/2019;6;;;;;;54;;;;
18/11/2019;5;;;;;;29;;;;
19/11/2019;7;;;;;;29;;;;
20/11/2019;5;;;19;;;33;;;;
21/11/2019;5;;;;;;29;;;;
22/11/2019;5;;;;;;23;;;;
23/11/2019;4;;;;;;69;;;;
24/11/2019;4;;;6;;;58;;;;
25/11/2019;3;;;;;;43;;;;
26/11/2019;5;;;;;;37;;;;
27/11/2019;4;;;;;;52;;;;
28/11/2019;4;;;;;;57;;;;
29/11/2019;4;;;;;;38;;;;
30/11/2019;3;;;;;;32;;;;
01/12/2019;3;;;;;;46;;;;
02/12/2019;3;;;16;;;51;;;;
03/12/2019;4;;;;;;35;;;;
04/12/2019;5;16;50;;;75;37;;;;
05/12/2019;6;24;53;;;90;31;;;;
06/12/2019;5;37;50;;;107;21;;;;
07/12/2019;6;44;49;;;116;16;;;;
08/12/2019;4;17;27;;;54;23;;;;
09/12/2019;3;27;39;;;79;26;;;;
10/12/2019;4;28;42;;;84;25;;;;
11/12/2019;4;24;37;;;73;25;;;;
12/12/2019;3;3;11;;;16;47;;;;
13/12/2019;3;4;14;;;20;61;;;;
14/12/2019;3;5;20;;;27;55;;;;
15/12/2019;5;28;38;;;80;40;;;;
16/12/2019;5;26;50;;;90;18;;;;
17/12/2019;5;54;52;;;134;22;;;;
18/12/2019;3;6;25;;;34;30;;;;
19/12/2019;4;50;50;;;126;16;;;;
20/12/2019;3;6;11;;;20;47;;;;
21/12/2019;4;1;1;;;2;62;;;;
22/12/2019;4;1;1;;;2;73;;;;
23/12/2019;4;5;20;;;28;45;;;;
24/12/2019;4;29;25;;;70;28;;;;
25/12/2019;3;27;25;;;66;17;;;;
26/12/2019;6;81;41;;;165;14;;;;
27/12/2019;6;54;34;;;117;16;;;;
28/12/2019;4;24;30;;;66;18;;;;
29/12/2019;3;13;23;;;42;29;;;;
30/12/2019;4;23;35;;;70;19;;;;
31/12/2019;5;25;29;;;67;17;;;;
